year,flow_code,source,territorial_definition,source_value,source_unit,source_currency,nominal_conversion_method,coverage_definition,included_partners,benchmark_source,benchmark_value,difference_from_benchmark,absolute_discrepancy,percentage_discrepancy,explanatory_note,confidence_status
1960,M,CEPII TRADHIST,not_available_locally,,,,,,,UN Comtrade,,,,,No local structured source table is available yet.,missing_source
1960,M,EFTA,not_available_locally,,,,,,,UN Comtrade,,,,,No local structured source table is available yet.,missing_source
1960,M,INE,INE statistical territories as printed in the 1960 volume; partner rows are grouped by O.E.C.E. participation rather than by continent,545576382.6086956,nominal merchandise trade,USD,source_b_original_value / 28.75; registered 1960 PTE/USD rate,INE special-trade World total,World,UN Comtrade,,,,,Validated double-entry INE aggregate; converted only for diagnostic comparison pending territorial-definition evidence.,usable_with_conversion_and_territorial_caveat
1960,M,OECD,not_available_locally,,,,,,,UN Comtrade,,,,,No local structured source table is available yet.,missing_source
1960,X,CEPII TRADHIST,not_available_locally,,,,,,,UN Comtrade,,,,,No local structured source table is available yet.,missing_source
1960,X,EFTA,not_available_locally,,,,,,,UN Comtrade,,,,,No local structured source table is available yet.,missing_source
1960,X,INE,INE statistical territories as printed in the 1960 volume; partner rows are grouped by O.E.C.E. participation rather than by continent,327239269.5652174,nominal merchandise trade,USD,source_b_original_value / 28.75; registered 1960 PTE/USD rate,INE special-trade World total,World,UN Comtrade,,,,,Validated double-entry INE aggregate; converted only for diagnostic comparison pending territorial-definition evidence.,usable_with_conversion_and_territorial_caveat
1960,X,OECD,not_available_locally,,,,,,,UN Comtrade,,,,,No local structured source table is available yet.,missing_source
1961,M,CEPII TRADHIST,not_available_locally,,,,,,,UN Comtrade,,,,,No local structured source table is available yet.,missing_source
1961,M,EFTA,not_available_locally,,,,,,,UN Comtrade,,,,,No local structured source table is available yet.,missing_source
1961,M,INE,"INE statistical territories as printed in the 1961 volume; partner rows are grouped by O.E.C.E. participation rather than by continent, and Austria is not printed separately",656248660.8695652,nominal merchandise trade,USD,source_b_original_value / 28.75; registered 1961 PTE/USD rate,INE special-trade World total,World,UN Comtrade,,,,,Validated double-entry INE aggregate; converted only for diagnostic comparison pending territorial-definition evidence.,usable_with_conversion_and_territorial_caveat
1961,M,OECD,not_available_locally,,,,,,,UN Comtrade,,,,,No local structured source table is available yet.,missing_source
1961,X,CEPII TRADHIST,not_available_locally,,,,,,,UN Comtrade,,,,,No local structured source table is available yet.,missing_source
1961,X,EFTA,not_available_locally,,,,,,,UN Comtrade,,,,,No local structured source table is available yet.,missing_source
1961,X,INE,"INE statistical territories as printed in the 1961 volume; partner rows are grouped by O.E.C.E. participation rather than by continent, and Austria is not printed separately",326014817.3913044,nominal merchandise trade,USD,source_b_original_value / 28.75; registered 1961 PTE/USD rate,INE special-trade World total,World,UN Comtrade,,,,,Validated double-entry INE aggregate; converted only for diagnostic comparison pending territorial-definition evidence.,usable_with_conversion_and_territorial_caveat
1961,X,OECD,not_available_locally,,,,,,,UN Comtrade,,,,,No local structured source table is available yet.,missing_source
1962,M,CEPII TRADHIST,not_available_locally,,,,,,,UN Comtrade,,,,,No local structured source table is available yet.,missing_source
1962,M,EFTA,not_available_locally,,,,,,,UN Comtrade,,,,,No local structured source table is available yet.,missing_source
1962,M,INE,INE statistical territories as printed in the 1962 volume; metropolitan-territory scope remains pending territorial-definition review,585375130.4347826,nominal merchandise trade,USD,source_b_original_value / 28.75; registered 1962 PTE/USD rate,INE special-trade World total,World,UN Comtrade,585345024.0,30106.434782624245,30106.434782624245,5.143365630220894e-05,Validated double-entry INE aggregate; converted only for diagnostic comparison pending territorial-definition evidence.,usable_with_conversion_and_territorial_caveat
1962,M,OECD,not_available_locally,,,,,,,UN Comtrade,,,,,No local structured source table is available yet.,missing_source
1962,M,UN Comtrade,requires_historical_metadata_review,585345024.0,nominal merchandise trade,USD,source_reported_usd,"Portugal reporter code 620, World partner total",World,UN Comtrade,585345024.0,0.0,0.0,0.0,Benchmark row; territorial definition still under review.,usable_with_territorial_caveat
1962,X,CEPII TRADHIST,not_available_locally,,,,,,,UN Comtrade,,,,,No local structured source table is available yet.,missing_source
1962,X,EFTA,not_available_locally,,,,,,,UN Comtrade,,,,,No local structured source table is available yet.,missing_source
1962,X,INE,INE statistical territories as printed in the 1962 volume; metropolitan-territory scope remains pending territorial-definition review,369802747.82608694,nominal merchandise trade,USD,source_b_original_value / 28.75; registered 1962 PTE/USD rate,INE special-trade World total,World,UN Comtrade,369792288.0,10459.826086938381,10459.826086938381,2.828567935667274e-05,Validated double-entry INE aggregate; converted only for diagnostic comparison pending territorial-definition evidence.,usable_with_conversion_and_territorial_caveat
1962,X,OECD,not_available_locally,,,,,,,UN Comtrade,,,,,No local structured source table is available yet.,missing_source
1962,X,UN Comtrade,requires_historical_metadata_review,369792288.0,nominal merchandise trade,USD,source_reported_usd,"Portugal reporter code 620, World partner total",World,UN Comtrade,369792288.0,0.0,0.0,0.0,Benchmark row; territorial definition still under review.,usable_with_territorial_caveat
1963,M,CEPII TRADHIST,not_available_locally,,,,,,,UN Comtrade,,,,,No local structured source table is available yet.,missing_source
1963,M,EFTA,not_available_locally,,,,,,,UN Comtrade,,,,,No local structured source table is available yet.,missing_source
1963,M,INE,"INE statistical territories as printed in the 1963 volume; partner rows are listed under Europa without bloc subtotals, and Finland and Ireland are not printed separately",656218156.5217391,nominal merchandise trade,USD,source_b_original_value / 28.75; registered 1963 PTE/USD rate,INE special-trade World total,World,UN Comtrade,656176256.0,41900.52173912525,41900.52173912525,6.385558964682387e-05,Validated double-entry INE aggregate; converted only for diagnostic comparison pending territorial-definition evidence.,usable_with_conversion_and_territorial_caveat
1963,M,OECD,not_available_locally,,,,,,,UN Comtrade,,,,,No local structured source table is available yet.,missing_source
1963,M,UN Comtrade,requires_historical_metadata_review,656176256.0,nominal merchandise trade,USD,source_reported_usd,"Portugal reporter code 620, World partner total",World,UN Comtrade,656176256.0,0.0,0.0,0.0,Benchmark row; territorial definition still under review.,usable_with_territorial_caveat
1963,X,CEPII TRADHIST,not_available_locally,,,,,,,UN Comtrade,,,,,No local structured source table is available yet.,missing_source
1963,X,EFTA,not_available_locally,,,,,,,UN Comtrade,,,,,No local structured source table is available yet.,missing_source
1963,X,INE,"INE statistical territories as printed in the 1963 volume; partner rows are listed under Europa without bloc subtotals, and Finland and Ireland are not printed separately",418231791.3043478,nominal merchandise trade,USD,source_b_original_value / 28.75; registered 1963 PTE/USD rate,INE special-trade World total,World,UN Comtrade,418157120.0,74671.30434781313,74671.30434781313,0.00017857236138371416,Validated double-entry INE aggregate; converted only for diagnostic comparison pending territorial-definition evidence.,usable_with_conversion_and_territorial_caveat
1963,X,OECD,not_available_locally,,,,,,,UN Comtrade,,,,,No local structured source table is available yet.,missing_source
1963,X,UN Comtrade,requires_historical_metadata_review,418157120.0,nominal merchandise trade,USD,source_reported_usd,"Portugal reporter code 620, World partner total",World,UN Comtrade,418157120.0,0.0,0.0,0.0,Benchmark row; territorial definition still under review.,usable_with_territorial_caveat
1964,M,CEPII TRADHIST,not_available_locally,,,,,,,UN Comtrade,,,,,No local structured source table is available yet.,missing_source
1964,M,EFTA,not_available_locally,,,,,,,UN Comtrade,,,,,No local structured source table is available yet.,missing_source
1964,M,INE,"INE statistical territories as printed in the 1964 volume; partner rows are listed under Europa without bloc subtotals, and Finland and Ireland are not printed separately",776345460.8695652,nominal merchandise trade,USD,source_b_original_value / 28.75; registered 1964 PTE/USD rate,INE special-trade World total,World,UN Comtrade,776289984.0,55476.86956524849,55476.86956524849,7.14641058221466e-05,Validated double-entry INE aggregate; converted only for diagnostic comparison pending territorial-definition evidence.,usable_with_conversion_and_territorial_caveat
1964,M,OECD,not_available_locally,,,,,,,UN Comtrade,,,,,No local structured source table is available yet.,missing_source
1964,M,UN Comtrade,requires_historical_metadata_review,776289984.0,nominal merchandise trade,USD,source_reported_usd,"Portugal reporter code 620, World partner total",World,UN Comtrade,776289984.0,0.0,0.0,0.0,Benchmark row; territorial definition still under review.,usable_with_territorial_caveat
1964,X,CEPII TRADHIST,not_available_locally,,,,,,,UN Comtrade,,,,,No local structured source table is available yet.,missing_source
1964,X,EFTA,not_available_locally,,,,,,,UN Comtrade,,,,,No local structured source table is available yet.,missing_source
1964,X,INE,"INE statistical territories as printed in the 1964 volume; partner rows are listed under Europa without bloc subtotals, and Finland and Ireland are not printed separately",515852800.0,nominal merchandise trade,USD,source_b_original_value / 28.75; registered 1964 PTE/USD rate,INE special-trade World total,World,UN Comtrade,515699840.0,152960.0,152960.0,0.00029660664622273297,Validated double-entry INE aggregate; converted only for diagnostic comparison pending territorial-definition evidence.,usable_with_conversion_and_territorial_caveat
1964,X,OECD,not_available_locally,,,,,,,UN Comtrade,,,,,No local structured source table is available yet.,missing_source
1964,X,UN Comtrade,requires_historical_metadata_review,515699840.0,nominal merchandise trade,USD,source_reported_usd,"Portugal reporter code 620, World partner total",World,UN Comtrade,515699840.0,0.0,0.0,0.0,Benchmark row; territorial definition still under review.,usable_with_territorial_caveat
1965,M,CEPII TRADHIST,not_available_locally,,,,,,,UN Comtrade,,,,,No local structured source table is available yet.,missing_source
1965,M,EFTA,not_available_locally,,,,,,,UN Comtrade,,,,,No local structured source table is available yet.,missing_source
1965,M,INE,INE statistical territories as printed in the 1965 volume; verify against page 23,923573669.5652174,nominal merchandise trade,USD,source_b_original_value / 28.75; registered 1965 PTE/USD rate,INE special-trade World total,World,UN Comtrade,923515840.0,57829.565217375755,57829.565217375755,6.261892077278909e-05,Validated double-entry INE aggregate; converted only for diagnostic comparison pending territorial-definition evidence.,usable_with_conversion_and_territorial_caveat
1965,M,OECD,not_available_locally,,,,,,,UN Comtrade,,,,,No local structured source table is available yet.,missing_source
1965,M,UN Comtrade,requires_historical_metadata_review,923515840.0,nominal merchandise trade,USD,source_reported_usd,"Portugal reporter code 620, World partner total",World,UN Comtrade,923515840.0,0.0,0.0,0.0,Benchmark row; territorial definition still under review.,usable_with_territorial_caveat
1965,X,CEPII TRADHIST,not_available_locally,,,,,,,UN Comtrade,,,,,No local structured source table is available yet.,missing_source
1965,X,EFTA,not_available_locally,,,,,,,UN Comtrade,,,,,No local structured source table is available yet.,missing_source
1965,X,INE,INE statistical territories as printed in the 1965 volume; verify against page 23,576439547.826087,nominal merchandise trade,USD,source_b_original_value / 28.75; registered 1965 PTE/USD rate,INE special-trade World total,World,UN Comtrade,576399168.0,40379.826086997986,40379.826086997986,7.005531640010623e-05,Validated double-entry INE aggregate; converted only for diagnostic comparison pending territorial-definition evidence.,usable_with_conversion_and_territorial_caveat
1965,X,OECD,not_available_locally,,,,,,,UN Comtrade,,,,,No local structured source table is available yet.,missing_source
1965,X,UN Comtrade,requires_historical_metadata_review,576399168.0,nominal merchandise trade,USD,source_reported_usd,"Portugal reporter code 620, World partner total",World,UN Comtrade,576399168.0,0.0,0.0,0.0,Benchmark row; territorial definition still under review.,usable_with_territorial_caveat
1966,M,CEPII TRADHIST,not_available_locally,,,,,,,UN Comtrade,,,,,No local structured source table is available yet.,missing_source
1966,M,EFTA,not_available_locally,,,,,,,UN Comtrade,,,,,No local structured source table is available yet.,missing_source
1966,M,INE,"INE statistical territories as printed in the 1966 volume; partner rows are listed under Europa without bloc subtotals, and Finland and Ireland are not printed separately",1022832869.5652174,nominal merchandise trade,USD,source_b_original_value / 28.75; registered 1966 PTE/USD rate,INE special-trade World total,World,UN Comtrade,1022796800.0,36069.565217375755,36069.565217375755,3.526562188831228e-05,Validated double-entry INE aggregate; converted only for diagnostic comparison pending territorial-definition evidence.,usable_with_conversion_and_territorial_caveat
1966,M,OECD,not_available_locally,,,,,,,UN Comtrade,,,,,No local structured source table is available yet.,missing_source
1966,M,UN Comtrade,requires_historical_metadata_review,1022796800.0,nominal merchandise trade,USD,source_reported_usd,"Portugal reporter code 620, World partner total",World,UN Comtrade,1022796800.0,0.0,0.0,0.0,Benchmark row; territorial definition still under review.,usable_with_territorial_caveat
1966,X,CEPII TRADHIST,not_available_locally,,,,,,,UN Comtrade,,,,,No local structured source table is available yet.,missing_source
1966,X,EFTA,not_available_locally,,,,,,,UN Comtrade,,,,,No local structured source table is available yet.,missing_source
1966,X,INE,"INE statistical territories as printed in the 1966 volume; partner rows are listed under Europa without bloc subtotals, and Finland and Ireland are not printed separately",619537391.3043479,nominal merchandise trade,USD,source_b_original_value / 28.75; registered 1966 PTE/USD rate,INE special-trade World total,World,UN Comtrade,619503488.0,33903.304347872734,33903.304347872734,5.472657540206252e-05,Validated double-entry INE aggregate; converted only for diagnostic comparison pending territorial-definition evidence.,usable_with_conversion_and_territorial_caveat
1966,X,OECD,not_available_locally,,,,,,,UN Comtrade,,,,,No local structured source table is available yet.,missing_source
1966,X,UN Comtrade,requires_historical_metadata_review,619503488.0,nominal merchandise trade,USD,source_reported_usd,"Portugal reporter code 620, World partner total",World,UN Comtrade,619503488.0,0.0,0.0,0.0,Benchmark row; territorial definition still under review.,usable_with_territorial_caveat
1967,M,CEPII TRADHIST,not_available_locally,,,,,,,UN Comtrade,,,,,No local structured source table is available yet.,missing_source
1967,M,EFTA,not_available_locally,,,,,,,UN Comtrade,,,,,No local structured source table is available yet.,missing_source
1967,M,INE,"INE statistical territories as printed in the 1967 volume; partner rows are listed under Europa without bloc subtotals, and Finland and Ireland are not printed separately",1059221321.7391304,nominal merchandise trade,USD,source_b_original_value / 28.75; registered 1967 PTE/USD rate,INE special-trade World total,World,UN Comtrade,1059153920.0,67401.73913037777,67401.73913037777,6.363734095454018e-05,Validated double-entry INE aggregate; converted only for diagnostic comparison pending territorial-definition evidence.,usable_with_conversion_and_territorial_caveat
1967,M,OECD,not_available_locally,,,,,,,UN Comtrade,,,,,No local structured source table is available yet.,missing_source
1967,M,UN Comtrade,requires_historical_metadata_review,1059153920.0,nominal merchandise trade,USD,source_reported_usd,"Portugal reporter code 620, World partner total",World,UN Comtrade,1059153920.0,0.0,0.0,0.0,Benchmark row; territorial definition still under review.,usable_with_territorial_caveat
1967,X,CEPII TRADHIST,not_available_locally,,,,,,,UN Comtrade,,,,,No local structured source table is available yet.,missing_source
1967,X,EFTA,not_available_locally,,,,,,,UN Comtrade,,,,,No local structured source table is available yet.,missing_source
1967,X,INE,"INE statistical territories as printed in the 1967 volume; partner rows are listed under Europa without bloc subtotals, and Finland and Ireland are not printed separately",701432486.9565217,nominal merchandise trade,USD,source_b_original_value / 28.75; registered 1967 PTE/USD rate,INE special-trade World total,World,UN Comtrade,701361664.0,70822.9565217495,70822.9565217495,0.00010097922392540334,Validated double-entry INE aggregate; converted only for diagnostic comparison pending territorial-definition evidence.,usable_with_conversion_and_territorial_caveat
1967,X,OECD,not_available_locally,,,,,,,UN Comtrade,,,,,No local structured source table is available yet.,missing_source
1967,X,UN Comtrade,requires_historical_metadata_review,701361664.0,nominal merchandise trade,USD,source_reported_usd,"Portugal reporter code 620, World partner total",World,UN Comtrade,701361664.0,0.0,0.0,0.0,Benchmark row; territorial definition still under review.,usable_with_territorial_caveat
1968,M,CEPII TRADHIST,not_available_locally,,,,,,,UN Comtrade,,,,,No local structured source table is available yet.,missing_source
1968,M,EFTA,not_available_locally,,,,,,,UN Comtrade,,,,,No local structured source table is available yet.,missing_source
1968,M,INE,"INE statistical territories as printed in the 1968 volume; partner rows are listed under Europa without bloc subtotals, and Finland and Ireland are not printed separately",1177663617.3913043,nominal merchandise trade,USD,source_b_original_value / 28.75; registered 1968 PTE/USD rate,INE special-trade World total,World,UN Comtrade,1178384896.0,-721278.6086957455,721278.6086957455,-0.0006120908466699708,Validated double-entry INE aggregate; converted only for diagnostic comparison pending territorial-definition evidence.,usable_with_conversion_and_territorial_caveat
1968,M,OECD,not_available_locally,,,,,,,UN Comtrade,,,,,No local structured source table is available yet.,missing_source
1968,M,UN Comtrade,requires_historical_metadata_review,1178384896.0,nominal merchandise trade,USD,source_reported_usd,"Portugal reporter code 620, World partner total",World,UN Comtrade,1178384896.0,0.0,0.0,0.0,Benchmark row; territorial definition still under review.,usable_with_territorial_caveat
1968,X,CEPII TRADHIST,not_available_locally,,,,,,,UN Comtrade,,,,,No local structured source table is available yet.,missing_source
1968,X,EFTA,not_available_locally,,,,,,,UN Comtrade,,,,,No local structured source table is available yet.,missing_source
1968,X,INE,"INE statistical territories as printed in the 1968 volume; partner rows are listed under Europa without bloc subtotals, and Finland and Ireland are not printed separately",762315026.0869565,nominal merchandise trade,USD,source_b_original_value / 28.75; registered 1968 PTE/USD rate,INE special-trade World total,World,UN Comtrade,761222784.0,1092242.086956501,1092242.086956501,0.0014348520694783893,Validated double-entry INE aggregate; converted only for diagnostic comparison pending territorial-definition evidence.,usable_with_conversion_and_territorial_caveat
1968,X,OECD,not_available_locally,,,,,,,UN Comtrade,,,,,No local structured source table is available yet.,missing_source
1968,X,UN Comtrade,requires_historical_metadata_review,761222784.0,nominal merchandise trade,USD,source_reported_usd,"Portugal reporter code 620, World partner total",World,UN Comtrade,761222784.0,0.0,0.0,0.0,Benchmark row; territorial definition still under review.,usable_with_territorial_caveat
1969,M,CEPII TRADHIST,not_available_locally,,,,,,,UN Comtrade,,,,,No local structured source table is available yet.,missing_source
1969,M,EFTA,not_available_locally,,,,,,,UN Comtrade,,,,,No local structured source table is available yet.,missing_source
1969,M,INE,INE statistical territories as printed in the 1969 volume; Continente e Ilhas Adjacentes reporting scope,1296059860.8695652,nominal merchandise trade,USD,source_b_original_value / 28.75; registered 1969 PTE/USD rate,INE special-trade World total,World,UN Comtrade,1297515392.0,-1455531.1304347515,1455531.1304347515,-0.001121783324813731,Validated double-entry INE aggregate; converted only for diagnostic comparison pending territorial-definition evidence.,usable_with_conversion_and_territorial_caveat
1969,M,OECD,not_available_locally,,,,,,,UN Comtrade,,,,,No local structured source table is available yet.,missing_source
1969,M,UN Comtrade,requires_historical_metadata_review,1297515392.0,nominal merchandise trade,USD,source_reported_usd,"Portugal reporter code 620, World partner total",World,UN Comtrade,1297515392.0,0.0,0.0,0.0,Benchmark row; territorial definition still under review.,usable_with_territorial_caveat
1969,X,CEPII TRADHIST,not_available_locally,,,,,,,UN Comtrade,,,,,No local structured source table is available yet.,missing_source
1969,X,EFTA,not_available_locally,,,,,,,UN Comtrade,,,,,No local structured source table is available yet.,missing_source
1969,X,INE,INE statistical territories as printed in the 1969 volume; Continente e Ilhas Adjacentes reporting scope,853078156.5217391,nominal merchandise trade,USD,source_b_original_value / 28.75; registered 1969 PTE/USD rate,INE special-trade World total,World,UN Comtrade,852978752.0,99404.52173912525,99404.52173912525,0.00011653809840637772,Validated double-entry INE aggregate; converted only for diagnostic comparison pending territorial-definition evidence.,usable_with_conversion_and_territorial_caveat
1969,X,OECD,not_available_locally,,,,,,,UN Comtrade,,,,,No local structured source table is available yet.,missing_source
1969,X,UN Comtrade,requires_historical_metadata_review,852978752.0,nominal merchandise trade,USD,source_reported_usd,"Portugal reporter code 620, World partner total",World,UN Comtrade,852978752.0,0.0,0.0,0.0,Benchmark row; territorial definition still under review.,usable_with_territorial_caveat
1970,M,CEPII TRADHIST,not_available_locally,,,,,,,UN Comtrade,,,,,No local structured source table is available yet.,missing_source
1970,M,EFTA,not_available_locally,,,,,,,UN Comtrade,,,,,No local structured source table is available yet.,missing_source
1970,M,INE,INE statistical territories as printed in the 1970 volume; verify against page 18,1582435860.8695652,nominal merchandise trade,USD,source_b_original_value / 28.75; registered 1970 PTE/USD rate,INE special-trade World total,World,UN Comtrade,1589826688.0,-7390827.1304347515,7390827.1304347515,-0.004648825677805423,Validated double-entry INE aggregate; converted only for diagnostic comparison pending territorial-definition evidence.,usable_with_conversion_and_territorial_caveat
1970,M,OECD,not_available_locally,,,,,,,UN Comtrade,,,,,No local structured source table is available yet.,missing_source
1970,M,UN Comtrade,requires_historical_metadata_review,1589826688.0,nominal merchandise trade,USD,source_reported_usd,"Portugal reporter code 620, World partner total",World,UN Comtrade,1589826688.0,0.0,0.0,0.0,Benchmark row; territorial definition still under review.,usable_with_territorial_caveat
1970,X,CEPII TRADHIST,not_available_locally,,,,,,,UN Comtrade,,,,,No local structured source table is available yet.,missing_source
1970,X,EFTA,not_available_locally,,,,,,,UN Comtrade,,,,,No local structured source table is available yet.,missing_source
1970,X,INE,INE statistical territories as printed in the 1970 volume; verify against page 18,949518643.4782609,nominal merchandise trade,USD,source_b_original_value / 28.75; registered 1970 PTE/USD rate,INE special-trade World total,World,UN Comtrade,949225152.0,293491.47826087475,293491.47826087475,0.00030919058312192167,Validated double-entry INE aggregate; converted only for diagnostic comparison pending territorial-definition evidence.,usable_with_conversion_and_territorial_caveat
1970,X,OECD,not_available_locally,,,,,,,UN Comtrade,,,,,No local structured source table is available yet.,missing_source
1970,X,UN Comtrade,requires_historical_metadata_review,949225152.0,nominal merchandise trade,USD,source_reported_usd,"Portugal reporter code 620, World partner total",World,UN Comtrade,949225152.0,0.0,0.0,0.0,Benchmark row; territorial definition still under review.,usable_with_territorial_caveat
1971,M,CEPII TRADHIST,not_available_locally,,,,,,,UN Comtrade,,,,,No local structured source table is available yet.,missing_source
1971,M,EFTA,not_available_locally,,,,,,,UN Comtrade,,,,,No local structured source table is available yet.,missing_source
1971,M,INE,INE statistical territories as printed in the 1971 volume; Continente e Ilhas Adjacentes reporting scope,1848233631.8858454,nominal merchandise trade,USD,source_b_original_value / 28.3602; registered 1971 PTE/USD rate,INE special-trade World total,World,UN Comtrade,1823831680.0,24401951.885845423,24401951.885845423,0.013379497764752843,Validated double-entry INE aggregate; converted only for diagnostic comparison pending territorial-definition evidence.,usable_with_conversion_and_territorial_caveat
1971,M,OECD,not_available_locally,,,,,,,UN Comtrade,,,,,No local structured source table is available yet.,missing_source
1971,M,UN Comtrade,requires_historical_metadata_review,1823831680.0,nominal merchandise trade,USD,source_reported_usd,"Portugal reporter code 620, World partner total",World,UN Comtrade,1823831680.0,0.0,0.0,0.0,Benchmark row; territorial definition still under review.,usable_with_territorial_caveat
1971,X,CEPII TRADHIST,not_available_locally,,,,,,,UN Comtrade,,,,,No local structured source table is available yet.,missing_source
1971,X,EFTA,not_available_locally,,,,,,,UN Comtrade,,,,,No local structured source table is available yet.,missing_source
1971,X,INE,INE statistical territories as printed in the 1971 volume; Continente e Ilhas Adjacentes reporting scope,1066577351.2641144,nominal merchandise trade,USD,source_b_original_value / 28.3602; registered 1971 PTE/USD rate,INE special-trade World total,World,UN Comtrade,1052598592.0,13978759.26411438,13978759.26411438,0.013280237471678454,Validated double-entry INE aggregate; converted only for diagnostic comparison pending territorial-definition evidence.,usable_with_conversion_and_territorial_caveat
1971,X,OECD,not_available_locally,,,,,,,UN Comtrade,,,,,No local structured source table is available yet.,missing_source
1971,X,UN Comtrade,requires_historical_metadata_review,1052598592.0,nominal merchandise trade,USD,source_reported_usd,"Portugal reporter code 620, World partner total",World,UN Comtrade,1052598592.0,0.0,0.0,0.0,Benchmark row; territorial definition still under review.,usable_with_territorial_caveat
1972,M,CEPII TRADHIST,not_available_locally,,,,,,,UN Comtrade,,,,,No local structured source table is available yet.,missing_source
1972,M,EFTA,not_available_locally,,,,,,,UN Comtrade,,,,,No local structured source table is available yet.,missing_source
1972,M,INE,INE statistical territories as printed in the 1972 volume; Continente e Ilhas Adjacentes reporting scope,2243102008.149285,nominal merchandise trade,USD,source_b_original_value / 27.0534; registered 1972 PTE/USD rate,INE special-trade World total,World,UN Comtrade,2227166208.0,15935800.14928484,15935800.14928484,0.007155191243492879,Validated double-entry INE aggregate; converted only for diagnostic comparison pending territorial-definition evidence.,usable_with_conversion_and_territorial_caveat
1972,M,OECD,not_available_locally,,,,,,,UN Comtrade,,,,,No local structured source table is available yet.,missing_source
1972,M,UN Comtrade,requires_historical_metadata_review,2227166208.0,nominal merchandise trade,USD,source_reported_usd,"Portugal reporter code 620, World partner total",World,UN Comtrade,2227166208.0,0.0,0.0,0.0,Benchmark row; territorial definition still under review.,usable_with_territorial_caveat
1972,X,CEPII TRADHIST,not_available_locally,,,,,,,UN Comtrade,,,,,No local structured source table is available yet.,missing_source
1972,X,EFTA,not_available_locally,,,,,,,UN Comtrade,,,,,No local structured source table is available yet.,missing_source
1972,X,INE,INE statistical territories as printed in the 1972 volume; Continente e Ilhas Adjacentes reporting scope,1303174900.2353382,nominal merchandise trade,USD,source_b_original_value / 27.0534; registered 1972 PTE/USD rate,INE special-trade World total,World,UN Comtrade,1293765376.0,9409524.235338211,9409524.235338211,0.007272975772802109,Validated double-entry INE aggregate; converted only for diagnostic comparison pending territorial-definition evidence.,usable_with_conversion_and_territorial_caveat
1972,X,OECD,not_available_locally,,,,,,,UN Comtrade,,,,,No local structured source table is available yet.,missing_source
1972,X,UN Comtrade,requires_historical_metadata_review,1293765376.0,nominal merchandise trade,USD,source_reported_usd,"Portugal reporter code 620, World partner total",World,UN Comtrade,1293765376.0,0.0,0.0,0.0,Benchmark row; territorial definition still under review.,usable_with_territorial_caveat
1973,M,CEPII TRADHIST,not_available_locally,,,,,,,UN Comtrade,,,,,No local structured source table is available yet.,missing_source
1973,M,EFTA,not_available_locally,,,,,,,UN Comtrade,,,,,No local structured source table is available yet.,missing_source
1973,M,INE,INE statistical territories as printed in the 1973 volume; verify against page 17,3050174530.7303023,nominal merchandise trade,USD,source_b_original_value / 24.5152; registered 1973 PTE/USD rate,INE special-trade World total,World,UN Comtrade,3072798464.0,-22623933.269697666,22623933.269697666,-0.007362647936320261,Validated double-entry INE aggregate; converted only for diagnostic comparison pending territorial-definition evidence.,usable_with_conversion_and_territorial_caveat
1973,M,OECD,not_available_locally,,,,,,,UN Comtrade,,,,,No local structured source table is available yet.,missing_source
1973,M,UN Comtrade,requires_historical_metadata_review,3072798464.0,nominal merchandise trade,USD,source_reported_usd,"Portugal reporter code 620, World partner total",World,UN Comtrade,3072798464.0,0.0,0.0,0.0,Benchmark row; territorial definition still under review.,usable_with_territorial_caveat
1973,X,CEPII TRADHIST,not_available_locally,,,,,,,UN Comtrade,,,,,No local structured source table is available yet.,missing_source
1973,X,EFTA,not_available_locally,,,,,,,UN Comtrade,,,,,No local structured source table is available yet.,missing_source
1973,X,INE,INE statistical territories as printed in the 1973 volume; verify against page 17,1852342796.604241,nominal merchandise trade,USD,source_b_original_value / 24.5152; registered 1973 PTE/USD rate,INE special-trade World total,World,UN Comtrade,1861681536.0,-9338739.395759106,9338739.395759106,-0.005016292644672341,Validated double-entry INE aggregate; converted only for diagnostic comparison pending territorial-definition evidence.,usable_with_conversion_and_territorial_caveat
1973,X,OECD,not_available_locally,,,,,,,UN Comtrade,,,,,No local structured source table is available yet.,missing_source
1973,X,UN Comtrade,requires_historical_metadata_review,1861681536.0,nominal merchandise trade,USD,source_reported_usd,"Portugal reporter code 620, World partner total",World,UN Comtrade,1861681536.0,0.0,0.0,0.0,Benchmark row; territorial definition still under review.,usable_with_territorial_caveat
