value,3,3_label,18,18_label,19,19_label,28,28_label,29,29_label,40,40_label,63,63_label,70,70_label,reference_date,reference_date_label
73.497,5323,GVA - Manufacturing,4308,Statistics Portugal,7,Transactions,23,Current prices,3609,Value,4267,Annual,349,Portugal,3331,Millions of euros,1953-12-31,1953-12-31
75.742,5323,GVA - Manufacturing,4308,Statistics Portugal,7,Transactions,23,Current prices,3609,Value,4267,Annual,349,Portugal,3331,Millions of euros,1954-12-31,1954-12-31
77.899,5323,GVA - Manufacturing,4308,Statistics Portugal,7,Transactions,23,Current prices,3609,Value,4267,Annual,349,Portugal,3331,Millions of euros,1955-12-31,1955-12-31
91.115,5323,GVA - Manufacturing,4308,Statistics Portugal,7,Transactions,23,Current prices,3609,Value,4267,Annual,349,Portugal,3331,Millions of euros,1956-12-31,1956-12-31
93.405,5323,GVA - Manufacturing,4308,Statistics Portugal,7,Transactions,23,Current prices,3609,Value,4267,Annual,349,Portugal,3331,Millions of euros,1957-12-31,1957-12-31
102.632,5323,GVA - Manufacturing,4308,Statistics Portugal,7,Transactions,23,Current prices,3609,Value,4267,Annual,349,Portugal,3331,Millions of euros,1958-12-31,1958-12-31
109.55,5323,GVA - Manufacturing,4308,Statistics Portugal,7,Transactions,23,Current prices,3609,Value,4267,Annual,349,Portugal,3331,Millions of euros,1959-12-31,1959-12-31
116.418,5323,GVA - Manufacturing,4308,Statistics Portugal,7,Transactions,23,Current prices,3609,Value,4267,Annual,349,Portugal,3331,Millions of euros,1960-12-31,1960-12-31
118.082,5323,GVA - Manufacturing,4308,Statistics Portugal,7,Transactions,23,Current prices,3609,Value,4267,Annual,349,Portugal,3331,Millions of euros,1961-12-31,1961-12-31
136.657,5323,GVA - Manufacturing,4308,Statistics Portugal,7,Transactions,23,Current prices,3609,Value,4267,Annual,349,Portugal,3331,Millions of euros,1962-12-31,1962-12-31
146.847,5323,GVA - Manufacturing,4308,Statistics Portugal,7,Transactions,23,Current prices,3609,Value,4267,Annual,349,Portugal,3331,Millions of euros,1963-12-31,1963-12-31
163.559,5323,GVA - Manufacturing,4308,Statistics Portugal,7,Transactions,23,Current prices,3609,Value,4267,Annual,349,Portugal,3331,Millions of euros,1964-12-31,1964-12-31
209.122,5323,GVA - Manufacturing,4308,Statistics Portugal,7,Transactions,23,Current prices,3609,Value,4267,Annual,349,Portugal,3331,Millions of euros,1965-12-31,1965-12-31
221.263,5323,GVA - Manufacturing,4308,Statistics Portugal,7,Transactions,23,Current prices,3609,Value,4267,Annual,349,Portugal,3331,Millions of euros,1966-12-31,1966-12-31
238.405,5323,GVA - Manufacturing,4308,Statistics Portugal,7,Transactions,23,Current prices,3609,Value,4267,Annual,349,Portugal,3331,Millions of euros,1967-12-31,1967-12-31
245.144,5323,GVA - Manufacturing,4308,Statistics Portugal,7,Transactions,23,Current prices,3609,Value,4267,Annual,349,Portugal,3331,Millions of euros,1968-12-31,1968-12-31
268.739,5323,GVA - Manufacturing,4308,Statistics Portugal,7,Transactions,23,Current prices,3609,Value,4267,Annual,349,Portugal,3331,Millions of euros,1969-12-31,1969-12-31
292.818,5323,GVA - Manufacturing,4308,Statistics Portugal,7,Transactions,23,Current prices,3609,Value,4267,Annual,349,Portugal,3331,Millions of euros,1970-12-31,1970-12-31
324.034,5323,GVA - Manufacturing,4308,Statistics Portugal,7,Transactions,23,Current prices,3609,Value,4267,Annual,349,Portugal,3331,Millions of euros,1971-12-31,1971-12-31
378.653,5323,GVA - Manufacturing,4308,Statistics Portugal,7,Transactions,23,Current prices,3609,Value,4267,Annual,349,Portugal,3331,Millions of euros,1972-12-31,1972-12-31
453.678,5323,GVA - Manufacturing,4308,Statistics Portugal,7,Transactions,23,Current prices,3609,Value,4267,Annual,349,Portugal,3331,Millions of euros,1973-12-31,1973-12-31
567.996,5323,GVA - Manufacturing,4308,Statistics Portugal,7,Transactions,23,Current prices,3609,Value,4267,Annual,349,Portugal,3331,Millions of euros,1974-12-31,1974-12-31
561.409,5323,GVA - Manufacturing,4308,Statistics Portugal,7,Transactions,23,Current prices,3609,Value,4267,Annual,349,Portugal,3331,Millions of euros,1975-12-31,1975-12-31
661.065,5323,GVA - Manufacturing,4308,Statistics Portugal,7,Transactions,23,Current prices,3609,Value,4267,Annual,349,Portugal,3331,Millions of euros,1976-12-31,1976-12-31
863.837,5323,GVA - Manufacturing,4308,Statistics Portugal,7,Transactions,23,Current prices,3609,Value,4267,Annual,349,Portugal,3331,Millions of euros,1977-12-31,1977-12-31
1073.229,5323,GVA - Manufacturing,4308,Statistics Portugal,7,Transactions,23,Current prices,3609,Value,4267,Annual,349,Portugal,3331,Millions of euros,1978-12-31,1978-12-31
1431.07,5323,GVA - Manufacturing,4308,Statistics Portugal,7,Transactions,23,Current prices,3609,Value,4267,Annual,349,Portugal,3331,Millions of euros,1979-12-31,1979-12-31
1974.797,5323,GVA - Manufacturing,4308,Statistics Portugal,7,Transactions,23,Current prices,3609,Value,4267,Annual,349,Portugal,3331,Millions of euros,1980-12-31,1980-12-31
2157.749,5323,GVA - Manufacturing,4308,Statistics Portugal,7,Transactions,23,Current prices,3609,Value,4267,Annual,349,Portugal,3331,Millions of euros,1981-12-31,1981-12-31
2371.255,5323,GVA - Manufacturing,4308,Statistics Portugal,7,Transactions,23,Current prices,3609,Value,4267,Annual,349,Portugal,3331,Millions of euros,1982-12-31,1982-12-31
3034.924,5323,GVA - Manufacturing,4308,Statistics Portugal,7,Transactions,23,Current prices,3609,Value,4267,Annual,349,Portugal,3331,Millions of euros,1983-12-31,1983-12-31
4058.84,5323,GVA - Manufacturing,4308,Statistics Portugal,7,Transactions,23,Current prices,3609,Value,4267,Annual,349,Portugal,3331,Millions of euros,1984-12-31,1984-12-31
4922.834,5323,GVA - Manufacturing,4308,Statistics Portugal,7,Transactions,23,Current prices,3609,Value,4267,Annual,349,Portugal,3331,Millions of euros,1985-12-31,1985-12-31
5956.451,5323,GVA - Manufacturing,4308,Statistics Portugal,7,Transactions,23,Current prices,3609,Value,4267,Annual,349,Portugal,3331,Millions of euros,1986-12-31,1986-12-31
7313.72,5323,GVA - Manufacturing,4308,Statistics Portugal,7,Transactions,23,Current prices,3609,Value,4267,Annual,349,Portugal,3331,Millions of euros,1987-12-31,1987-12-31
8852.345,5323,GVA - Manufacturing,4308,Statistics Portugal,7,Transactions,23,Current prices,3609,Value,4267,Annual,349,Portugal,3331,Millions of euros,1988-12-31,1988-12-31
9840.859,5323,GVA - Manufacturing,4308,Statistics Portugal,7,Transactions,23,Current prices,3609,Value,4267,Annual,349,Portugal,3331,Millions of euros,1989-12-31,1989-12-31
11510.407,5323,GVA - Manufacturing,4308,Statistics Portugal,7,Transactions,23,Current prices,3609,Value,4267,Annual,349,Portugal,3331,Millions of euros,1990-12-31,1990-12-31
11878.62,5323,GVA - Manufacturing,4308,Statistics Portugal,7,Transactions,23,Current prices,3609,Value,4267,Annual,349,Portugal,3331,Millions of euros,1991-12-31,1991-12-31
12615.667,5323,GVA - Manufacturing,4308,Statistics Portugal,7,Transactions,23,Current prices,3609,Value,4267,Annual,349,Portugal,3331,Millions of euros,1992-12-31,1992-12-31
12700.347,5323,GVA - Manufacturing,4308,Statistics Portugal,7,Transactions,23,Current prices,3609,Value,4267,Annual,349,Portugal,3331,Millions of euros,1993-12-31,1993-12-31
13345.014,5323,GVA - Manufacturing,4308,Statistics Portugal,7,Transactions,23,Current prices,3609,Value,4267,Annual,349,Portugal,3331,Millions of euros,1994-12-31,1994-12-31
14189.842,5323,GVA - Manufacturing,4308,Statistics Portugal,7,Transactions,23,Current prices,3609,Value,4267,Annual,349,Portugal,3331,Millions of euros,1995-12-31,1995-12-31
15639.698,5323,GVA - Manufacturing,4308,Statistics Portugal,7,Transactions,23,Current prices,3609,Value,4267,Annual,349,Portugal,3331,Millions of euros,1996-12-31,1996-12-31
16914.209,5323,GVA - Manufacturing,4308,Statistics Portugal,7,Transactions,23,Current prices,3609,Value,4267,Annual,349,Portugal,3331,Millions of euros,1997-12-31,1997-12-31
17814.388,5323,GVA - Manufacturing,4308,Statistics Portugal,7,Transactions,23,Current prices,3609,Value,4267,Annual,349,Portugal,3331,Millions of euros,1998-12-31,1998-12-31
18693.984,5323,GVA - Manufacturing,4308,Statistics Portugal,7,Transactions,23,Current prices,3609,Value,4267,Annual,349,Portugal,3331,Millions of euros,1999-12-31,1999-12-31
19325.523,5323,GVA - Manufacturing,4308,Statistics Portugal,7,Transactions,23,Current prices,3609,Value,4267,Annual,349,Portugal,3331,Millions of euros,2000-12-31,2000-12-31
19928.872,5323,GVA - Manufacturing,4308,Statistics Portugal,7,Transactions,23,Current prices,3609,Value,4267,Annual,349,Portugal,3331,Millions of euros,2001-12-31,2001-12-31
20235.1,5323,GVA - Manufacturing,4308,Statistics Portugal,7,Transactions,23,Current prices,3609,Value,4267,Annual,349,Portugal,3331,Millions of euros,2002-12-31,2002-12-31
19684.597,5323,GVA - Manufacturing,4308,Statistics Portugal,7,Transactions,23,Current prices,3609,Value,4267,Annual,349,Portugal,3331,Millions of euros,2003-12-31,2003-12-31
19872.544,5323,GVA - Manufacturing,4308,Statistics Portugal,7,Transactions,23,Current prices,3609,Value,4267,Annual,349,Portugal,3331,Millions of euros,2004-12-31,2004-12-31
19924.964,5323,GVA - Manufacturing,4308,Statistics Portugal,7,Transactions,23,Current prices,3609,Value,4267,Annual,349,Portugal,3331,Millions of euros,2005-12-31,2005-12-31
20521.859,5323,GVA - Manufacturing,4308,Statistics Portugal,7,Transactions,23,Current prices,3609,Value,4267,Annual,349,Portugal,3331,Millions of euros,2006-12-31,2006-12-31
21485.544,5323,GVA - Manufacturing,4308,Statistics Portugal,7,Transactions,23,Current prices,3609,Value,4267,Annual,349,Portugal,3331,Millions of euros,2007-12-31,2007-12-31
21316.191,5323,GVA - Manufacturing,4308,Statistics Portugal,7,Transactions,23,Current prices,3609,Value,4267,Annual,349,Portugal,3331,Millions of euros,2008-12-31,2008-12-31
19529.402,5323,GVA - Manufacturing,4308,Statistics Portugal,7,Transactions,23,Current prices,3609,Value,4267,Annual,349,Portugal,3331,Millions of euros,2009-12-31,2009-12-31
20837.124,5323,GVA - Manufacturing,4308,Statistics Portugal,7,Transactions,23,Current prices,3609,Value,4267,Annual,349,Portugal,3331,Millions of euros,2010-12-31,2010-12-31
19974.695,5323,GVA - Manufacturing,4308,Statistics Portugal,7,Transactions,23,Current prices,3609,Value,4267,Annual,349,Portugal,3331,Millions of euros,2011-12-31,2011-12-31
19171.822,5323,GVA - Manufacturing,4308,Statistics Portugal,7,Transactions,23,Current prices,3609,Value,4267,Annual,349,Portugal,3331,Millions of euros,2012-12-31,2012-12-31
19738.979,5323,GVA - Manufacturing,4308,Statistics Portugal,7,Transactions,23,Current prices,3609,Value,4267,Annual,349,Portugal,3331,Millions of euros,2013-12-31,2013-12-31
20507.877,5323,GVA - Manufacturing,4308,Statistics Portugal,7,Transactions,23,Current prices,3609,Value,4267,Annual,349,Portugal,3331,Millions of euros,2014-12-31,2014-12-31
21978.036,5323,GVA - Manufacturing,4308,Statistics Portugal,7,Transactions,23,Current prices,3609,Value,4267,Annual,349,Portugal,3331,Millions of euros,2015-12-31,2015-12-31
22819.558,5323,GVA - Manufacturing,4308,Statistics Portugal,7,Transactions,23,Current prices,3609,Value,4267,Annual,349,Portugal,3331,Millions of euros,2016-12-31,2016-12-31
24303.603,5323,GVA - Manufacturing,4308,Statistics Portugal,7,Transactions,23,Current prices,3609,Value,4267,Annual,349,Portugal,3331,Millions of euros,2017-12-31,2017-12-31
25260.083,5323,GVA - Manufacturing,4308,Statistics Portugal,7,Transactions,23,Current prices,3609,Value,4267,Annual,349,Portugal,3331,Millions of euros,2018-12-31,2018-12-31
25605.289,5323,GVA - Manufacturing,4308,Statistics Portugal,7,Transactions,23,Current prices,3609,Value,4267,Annual,349,Portugal,3331,Millions of euros,2019-12-31,2019-12-31
24304.947,5323,GVA - Manufacturing,4308,Statistics Portugal,7,Transactions,23,Current prices,3609,Value,4267,Annual,349,Portugal,3331,Millions of euros,2020-12-31,2020-12-31
26938.165,5323,GVA - Manufacturing,4308,Statistics Portugal,7,Transactions,23,Current prices,3609,Value,4267,Annual,349,Portugal,3331,Millions of euros,2021-12-31,2021-12-31
30402.575,5323,GVA - Manufacturing,4308,Statistics Portugal,7,Transactions,23,Current prices,3609,Value,4267,Annual,349,Portugal,3331,Millions of euros,2022-12-31,2022-12-31
32661.246,5323,GVA - Manufacturing,4308,Statistics Portugal,7,Transactions,23,Current prices,3609,Value,4267,Annual,349,Portugal,3331,Millions of euros,2023-12-31,2023-12-31
34043.504,5323,GVA - Manufacturing,4308,Statistics Portugal,7,Transactions,23,Current prices,3609,Value,4267,Annual,349,Portugal,3331,Millions of euros,2024-12-31,2024-12-31
34653.07,5323,GVA - Manufacturing,4308,Statistics Portugal,7,Transactions,23,Current prices,3609,Value,4267,Annual,349,Portugal,3331,Millions of euros,2025-12-31,2025-12-31
