source_id,expected_year,source_file,source_sha256,source_file_status,licence_status,access_conditions,release_distribution_decision,release_include_source_file,release_include_metadata,release_include_derived_tables,blocking_reason
ine_external_trade_yearbook,1960,data/manual/source_documents/ine_external_trade_1960_volume_i.pdf,b7160de354832e3d896af73a6375e0e7cdbf4712ffaece574bbc253e5f4d2013,available,to_be_confirmed_from_source,official INE catalogue record; two-volume scan downloaded from the catalogue page,exclude_source_document_until_redistribution_rights_resolved,False,True,True,redistribution_rights_unresolved
ine_external_trade_yearbook,1960,data/manual/source_documents/ine_external_trade_1960_volume_ii.pdf,e0ca1cf60279785fba34a65a9c1072099cd5425363569ffa29b05cb14889f02a,available,to_be_confirmed_from_source,official INE catalogue record; two-volume scan downloaded from the catalogue page,exclude_source_document_until_redistribution_rights_resolved,False,True,True,redistribution_rights_unresolved
ine_external_trade_yearbook,1961,data/manual/source_documents/ine_external_trade_1961_volume_i.pdf,5cab363745b6c97b317434f4bcfe9361767e6938cf7615d039034f48e010801f,available,to_be_confirmed_from_source,official INE catalogue record; two-volume scan downloaded from the catalogue page,exclude_source_document_until_redistribution_rights_resolved,False,True,True,redistribution_rights_unresolved
ine_external_trade_yearbook,1961,data/manual/source_documents/ine_external_trade_1961_volume_ii.pdf,b729cc672b7ade0e913f7c0bf91f45bfb009fb5d028cbb754a3ac4c8e7b649f7,available,to_be_confirmed_from_source,official INE catalogue record; two-volume scan downloaded from the catalogue page,exclude_source_document_until_redistribution_rights_resolved,False,True,True,redistribution_rights_unresolved
ine_external_trade_yearbook,1962,data/manual/source_documents/ine_external_trade_1962_volume_i.pdf,4f65453197d811905bcb7fe919926ddb09fe3c850875af5ae232c2c600a948dc,available,to_be_confirmed_from_source,official INE public PDF downloads preserved locally; reuse terms require source attribution and licence review before redistribution,exclude_source_document_until_redistribution_rights_resolved,False,True,True,redistribution_rights_unresolved
ine_external_trade_yearbook,1962,data/manual/source_documents/ine_external_trade_1962_volume_ii.pdf,02542c6e1808cdc6da956a82089b5921afe37109b6f01a367af2a41e760bebd8,available,to_be_confirmed_from_source,official INE public PDF downloads preserved locally; reuse terms require source attribution and licence review before redistribution,exclude_source_document_until_redistribution_rights_resolved,False,True,True,redistribution_rights_unresolved
ine_external_trade_yearbook,1963,data/manual/source_documents/ine_external_trade_1963_volume_i.pdf,cee8ef98d3ce3a1ac4deeb7053e876f1ec29d1efeec8a41d91eba5b7b684fa02,available,to_be_confirmed_from_source,official INE catalogue record; two-volume scan downloaded from the catalogue page,exclude_source_document_until_redistribution_rights_resolved,False,True,True,redistribution_rights_unresolved
ine_external_trade_yearbook,1963,data/manual/source_documents/ine_external_trade_1963_volume_ii.pdf,6c14f14c65c861e442c1490bfcdc50f6243cf768d5e0c82a7f28a9c17163365c,available,to_be_confirmed_from_source,official INE catalogue record; two-volume scan downloaded from the catalogue page,exclude_source_document_until_redistribution_rights_resolved,False,True,True,redistribution_rights_unresolved
ine_external_trade_yearbook,1964,data/manual/source_documents/ine_external_trade_1964_volume_i.pdf,b9540e95b4b14b47df4b15723a9c5bd0239e27ffa39606e19a1ae192e2e36d92,available,to_be_confirmed_from_source,official INE catalogue record; two-volume scan downloaded from the catalogue page,exclude_source_document_until_redistribution_rights_resolved,False,True,True,redistribution_rights_unresolved
ine_external_trade_yearbook,1964,data/manual/source_documents/ine_external_trade_1964_volume_ii.pdf,e26b4ae5b5ba2b224be246eb3269299e94a22e8bb9ab3c324dc629b7680ea350,available,to_be_confirmed_from_source,official INE catalogue record; two-volume scan downloaded from the catalogue page,exclude_source_document_until_redistribution_rights_resolved,False,True,True,redistribution_rights_unresolved
ine_external_trade_yearbook,1965,data/manual/source_documents/ine_external_trade_1965_volume_i.pdf,d6b95a6b73d54ce1935955b6be7cfed9f20e1d7a3535e1b8c2432edaaff4c6f3,available,to_be_confirmed_from_source,official INE public PDF downloads preserved locally; reuse terms require source attribution and licence review before redistribution,exclude_source_document_until_redistribution_rights_resolved,False,True,True,redistribution_rights_unresolved
ine_external_trade_yearbook,1965,data/manual/source_documents/ine_external_trade_1965_volume_ii.pdf,0d37ab3f0fb1511d89722b0536734cf94d7eed3045d0c134a49c4ea6c5af21fb,available,to_be_confirmed_from_source,official INE public PDF downloads preserved locally; reuse terms require source attribution and licence review before redistribution,exclude_source_document_until_redistribution_rights_resolved,False,True,True,redistribution_rights_unresolved
ine_external_trade_yearbook,1966,data/manual/source_documents/ine_external_trade_1966_volume_i.pdf,bcf49f8901a860ef577508e858bd4cf52c7a1030965eea2fcd402799aada6bd0,available,to_be_confirmed_from_source,official INE catalogue record; two-volume scan downloaded from the catalogue page,exclude_source_document_until_redistribution_rights_resolved,False,True,True,redistribution_rights_unresolved
ine_external_trade_yearbook,1966,data/manual/source_documents/ine_external_trade_1966_volume_ii.pdf,5d8985fbd017a568d1b20b4f4ec5107ea682d30c3cdca253d8c3cd1f308ad1db,available,to_be_confirmed_from_source,official INE catalogue record; two-volume scan downloaded from the catalogue page,exclude_source_document_until_redistribution_rights_resolved,False,True,True,redistribution_rights_unresolved
ine_external_trade_yearbook,1967,data/manual/source_documents/ine_external_trade_1967_volume_i.pdf,cfc4ad022d205c7c390485575871ee3773eae0f78a5b4ce5e2d5c8420c14242d,available,to_be_confirmed_from_source,official INE catalogue record; two-volume scan downloaded from the catalogue page,exclude_source_document_until_redistribution_rights_resolved,False,True,True,redistribution_rights_unresolved
ine_external_trade_yearbook,1967,data/manual/source_documents/ine_external_trade_1967_volume_ii.pdf,b72ba2f6b80dc83bb77bd98543647ca3eecdfbda289e56550ac996241b8a0c1a,available,to_be_confirmed_from_source,official INE catalogue record; two-volume scan downloaded from the catalogue page,exclude_source_document_until_redistribution_rights_resolved,False,True,True,redistribution_rights_unresolved
ine_external_trade_yearbook,1968,data/manual/source_documents/ine_external_trade_1968_volume_i.pdf,5b704c0157733f280f0717e72f2d2de830db39e75414dbfe28c86e9d8a5c05fa,available,to_be_confirmed_from_source,official INE catalogue record; two-volume scan downloaded from the catalogue page,exclude_source_document_until_redistribution_rights_resolved,False,True,True,redistribution_rights_unresolved
ine_external_trade_yearbook,1968,data/manual/source_documents/ine_external_trade_1968_volume_ii.pdf,71b70d6829f002f78fa0e6ba7b526a11619963f04dd59e4cfa230ab90285a17c,available,to_be_confirmed_from_source,official INE catalogue record; two-volume scan downloaded from the catalogue page,exclude_source_document_until_redistribution_rights_resolved,False,True,True,redistribution_rights_unresolved
ine_external_trade_yearbook,1969,data/manual/source_documents/ine_external_trade_1969_volume_i.pdf,1679ae77b3e2663166af36e228edba9918c6993a1ce4c98c9f005ffb07c73e09,available,to_be_confirmed_from_source,official INE catalogue record; two-volume scan downloaded from the catalogue page,exclude_source_document_until_redistribution_rights_resolved,False,True,True,redistribution_rights_unresolved
ine_external_trade_yearbook,1969,data/manual/source_documents/ine_external_trade_1969_volume_ii.pdf,823c4089001ecb1fe2ed2266d8426217feabdb97e4a59c7c889ddd45e76354c6,available,to_be_confirmed_from_source,official INE catalogue record; two-volume scan downloaded from the catalogue page,exclude_source_document_until_redistribution_rights_resolved,False,True,True,redistribution_rights_unresolved
ine_external_trade_yearbook,1970,data/manual/source_documents/ine_external_trade_1970_volume_i.pdf,465a1d41cc1ebff60c479337d6214100a2c2ebf3b1cad16b3e609408a890d454,available,to_be_confirmed_from_source,official INE public PDF downloads preserved locally; reuse terms require source attribution and licence review before redistribution,exclude_source_document_until_redistribution_rights_resolved,False,True,True,redistribution_rights_unresolved
ine_external_trade_yearbook,1970,data/manual/source_documents/ine_external_trade_1970_volume_ii.pdf,168f1d0dbe0de4bcac8c721ab99a6d8450d3fa22336f43cbfaabce2933d56cc8,available,to_be_confirmed_from_source,official INE public PDF downloads preserved locally; reuse terms require source attribution and licence review before redistribution,exclude_source_document_until_redistribution_rights_resolved,False,True,True,redistribution_rights_unresolved
ine_external_trade_yearbook,1971,data/manual/source_documents/ine_external_trade_1971_volume_i.pdf,e7804b727fb6987b1b9e76e30a2e721a3c56d9f2f095c4a9d0c9016ad53616ac,available,to_be_confirmed_from_source,official INE catalogue record; two-volume scan downloaded from the catalogue page,exclude_source_document_until_redistribution_rights_resolved,False,True,True,redistribution_rights_unresolved
ine_external_trade_yearbook,1971,data/manual/source_documents/ine_external_trade_1971_volume_ii.pdf,364d494429719c1a25daf463c912695be7163ab6c1938510a3c2d16348183237,available,to_be_confirmed_from_source,official INE catalogue record; two-volume scan downloaded from the catalogue page,exclude_source_document_until_redistribution_rights_resolved,False,True,True,redistribution_rights_unresolved
ine_external_trade_yearbook,1972,data/manual/source_documents/ine_external_trade_1972_volume_i.pdf,dd7f27d9366c76dddfa07761db6a47660b7cbcde575207686b9bd90fe90844a6,available,to_be_confirmed_from_source,official INE catalogue record; two-volume scan downloaded from the catalogue page,exclude_source_document_until_redistribution_rights_resolved,False,True,True,redistribution_rights_unresolved
ine_external_trade_yearbook,1972,data/manual/source_documents/ine_external_trade_1972_volume_ii.pdf,42b2f7736e1901eafe65bcb42ca12a5d5db6a55d1eb0a2d917286f5634affe6b,available,to_be_confirmed_from_source,official INE catalogue record; two-volume scan downloaded from the catalogue page,exclude_source_document_until_redistribution_rights_resolved,False,True,True,redistribution_rights_unresolved
ine_external_trade_yearbook,1973,data/manual/source_documents/ine_external_trade_1973_volume_i.pdf,ef13f704b430a739a258e56e080d21d930b074fe49774b6726989329a339225f,available,to_be_confirmed_from_source,official INE public PDF downloads preserved locally; reuse terms require source attribution and licence review before redistribution,exclude_source_document_until_redistribution_rights_resolved,False,True,True,redistribution_rights_unresolved
ine_external_trade_yearbook,1973,data/manual/source_documents/ine_external_trade_1973_volume_ii.pdf,b91e5dae8e39cf72479aab60521833d612cb071a610b6c8f18e830b22c712454,available,to_be_confirmed_from_source,official INE public PDF downloads preserved locally; reuse terms require source attribution and licence review before redistribution,exclude_source_document_until_redistribution_rights_resolved,False,True,True,redistribution_rights_unresolved
imf_central_banking_legislation_portugal,,data/manual/source_documents/imf_central_banking_legislation_portugal_ch013.pdf,3df5459a73b9ffeee9c08979bf43fb38e07103bc54f19a7bf667520dde87f809,available,not_specified,IMF eLibrary public PDF downloaded for source verification,exclude_source_document_until_redistribution_rights_resolved,False,True,True,redistribution_rights_unresolved
