year,flow,concept,source_a,source_b,source_a_value,source_b_value,absolute_difference,relative_difference,unit,valuation_basis,territorial_definition_a,territorial_definition_b,reconciliation_status,explanation,evidence_reference,signed_difference,relative_difference_denominator,source_a_original_value,source_a_currency,source_b_original_value,source_b_currency,conversion_method,expected_partner_count,observed_partner_count,coverage_ratio,value_coverage_ratio,missing_partner_entities
1962,X,World exports,UN Comtrade,INE,369792288.0,369802747.82608694,10459.826086938381,-2.828487929964623e-05,USD,special trade; export values follow INE explanatory note conventions,requires_historical_metadata_review,INE statistical territories as printed in the 1962 volume; metropolitan-territory scope remains pending territorial-definition review,reconciled_with_conversion,"World totals reconcile within tolerance after converting at the registered 1962 rate of 28.75 PTE/USD. Reporter-territory evidence remains a caveat, so Comtrade is retained as a benchmark rather than merged into the INE source universe.",INE Volume I PDF page 33 (Quadro II - Comercio especial. Exportacao); results/diagnostics/comtrade_coverage/comtrade_coverage_audit.csv 1962 X World row; data/interim/live/portugal_exchange_rate_evidence.csv.,-10459.826086938381,source_b_value_converted_to_USD,369792288.0,USD,10631829000.0,PTE,source_b_original_value / 28.75; registered 1962 PTE/USD rate,,,,,
1962,M,World imports,UN Comtrade,INE,585345024.0,585375130.4347826,30106.434782624245,-5.1431011017265004e-05,USD,special trade; import values declared by importers and accepted by customs per explanatory note,requires_historical_metadata_review,INE statistical territories as printed in the 1962 volume; metropolitan-territory scope remains pending territorial-definition review,reconciled_with_conversion,"World totals reconcile within tolerance after converting at the registered 1962 rate of 28.75 PTE/USD. Reporter-territory evidence remains a caveat, so Comtrade is retained as a benchmark rather than merged into the INE source universe.",INE Volume I PDF page 29 (Quadro I - Comercio especial. Importacao); results/diagnostics/comtrade_coverage/comtrade_coverage_audit.csv 1962 M World row; data/interim/live/portugal_exchange_rate_evidence.csv.,-30106.434782624245,source_b_value_converted_to_USD,585345024.0,USD,16829535000.0,PTE,source_b_original_value / 28.75; registered 1962 PTE/USD rate,,,,,
1962,X,Overseas exports,UN Comtrade,INE,83098353.0,83160069.56521739,61716.56521739066,-0.0007421418180631764,USD,special trade; export values follow INE explanatory note conventions,Observed Comtrade configured colonial partner subset; INE overseas territories not returned or not registered as Comtrade areas remain unresolved.,Ultramar row in INE statistical-territory table; individual overseas territories are listed separately below the aggregate row,resolved_for_dataset_ine_preferred_complete_aggregate,"INE provides the complete overseas aggregate and is the preferred source for complete colonial shares. The Comtrade colonial partner subset remains an observed lower-bound diagnostic: it covers only the returned partners, while the contemporaneous INE overseas category includes additional source-specific territories.",INE Volume I PDF page 39 (Quadro III - Comercio especial por territorios estatisticos - Exportacao); data/interim/live/comtrade_coverage_matrix.csv 1962 colonial partner rows; config/historical_groups.yml colonies group.,-61716.56521739066,source_b_value_converted_to_USD,83098353.0,USD,2390852000.0,PTE,source_b_original_value / 28.75; registered 1962 PTE/USD rate,8,4,0.5,0.9992578581819368,cabo_verde;macao;portuguese_india;sao_tome_principe
1962,M,Overseas imports,UN Comtrade,INE,73792234.0,73816904.3478261,24670.347826093435,-0.000334210003034623,USD,special trade; import values declared by importers and accepted by customs per explanatory note,Observed Comtrade configured colonial partner subset; INE overseas territories not returned or not registered as Comtrade areas remain unresolved.,Ultramar row in INE statistical-territory table; individual overseas territories are listed separately below the aggregate row,resolved_for_dataset_ine_preferred_complete_aggregate,"INE provides the complete overseas aggregate and is the preferred source for complete colonial shares. The Comtrade colonial partner subset remains an observed lower-bound diagnostic: it covers only the returned partners, while the contemporaneous INE overseas category includes additional source-specific territories.",INE Volume I PDF page 38 (Quadro III - Comercio especial por territorios estatisticos - Importacao); data/interim/live/comtrade_coverage_matrix.csv 1962 colonial partner rows; config/historical_groups.yml colonies group.,-24670.347826093435,source_b_value_converted_to_USD,73792234.0,USD,2122236000.0,PTE,source_b_original_value / 28.75; registered 1962 PTE/USD rate,8,4,0.5,0.9996657899969654,cabo_verde;macao;portuguese_india;sao_tome_principe
1963,X,World exports,UN Comtrade,INE,418157120.0,418231791.3043478,74671.30434781313,-0.00017854047898877855,USD,special trade; export values follow INE explanatory note conventions,requires_historical_metadata_review,"INE statistical territories as printed in the 1963 volume; partner rows are listed under Europa without bloc subtotals, and Finland and Ireland are not printed separately",unresolved,"World totals differ by -0.0179% after converting at the registered 1963 rate of 28.75 PTE/USD, which exceeds the reconciliation tolerance. Annual period-average conversion is a weaker approximation in years when the rate moved within the year.","INE Volume I PDF page 48 (Quadro III - Comercio especial, por territorios estatisticos); results/diagnostics/comtrade_coverage/comtrade_coverage_audit.csv 1963 X World row; data/interim/live/portugal_exchange_rate_evidence.csv.",-74671.30434781313,source_b_value_converted_to_USD,418157120.0,USD,12024164000.0,PTE,source_b_original_value / 28.75; registered 1963 PTE/USD rate,,,,,
1963,M,World imports,UN Comtrade,INE,656176256.0,656218156.5217391,41900.52173912525,-6.38515123708516e-05,USD,special trade; import values declared by importers and accepted by customs per explanatory note,requires_historical_metadata_review,"INE statistical territories as printed in the 1963 volume; partner rows are listed under Europa without bloc subtotals, and Finland and Ireland are not printed separately",reconciled_with_conversion,"World totals reconcile within tolerance after converting at the registered 1963 rate of 28.75 PTE/USD. Reporter-territory evidence remains a caveat, so Comtrade is retained as a benchmark rather than merged into the INE source universe.","INE Volume I PDF page 46 (Quadro III - Comercio especial, por territorios estatisticos); results/diagnostics/comtrade_coverage/comtrade_coverage_audit.csv 1963 M World row; data/interim/live/portugal_exchange_rate_evidence.csv.",-41900.52173912525,source_b_value_converted_to_USD,656176256.0,USD,18866272000.0,PTE,source_b_original_value / 28.75; registered 1963 PTE/USD rate,,,,,
1963,X,Overseas exports,UN Comtrade,INE,99195395.0,99424069.56521739,228674.56521739066,-0.002299992006134804,USD,special trade; export values follow INE explanatory note conventions,Observed Comtrade configured colonial partner subset; INE overseas territories not returned or not registered as Comtrade areas remain unresolved.,Ultramar row in the INE statistical-territory table; individual territories are listed separately below the aggregate row,resolved_for_dataset_ine_preferred_complete_aggregate,"INE provides the complete overseas aggregate and is the preferred source for complete colonial shares. The Comtrade colonial partner subset remains an observed lower-bound diagnostic: it covers only the returned partners, while the contemporaneous INE overseas category includes additional source-specific territories.","INE Volume I PDF page 48 (Quadro III - Comercio especial, por territorios estatisticos); data/interim/live/comtrade_coverage_matrix.csv 1963 colonial partner rows; config/historical_groups.yml colonies group.",-228674.56521739066,source_b_value_converted_to_USD,99195395.0,USD,2858442000.0,PTE,source_b_original_value / 28.75; registered 1963 PTE/USD rate,8,4,0.5,0.9977000079938652,cabo_verde;macao;portuguese_india;sao_tome_principe
1963,M,Overseas imports,UN Comtrade,INE,93923476.0,93963582.60869566,40106.60869565606,-0.0004268314125769028,USD,special trade; import values declared by importers and accepted by customs per explanatory note,Observed Comtrade configured colonial partner subset; INE overseas territories not returned or not registered as Comtrade areas remain unresolved.,Ultramar row in the INE statistical-territory table; individual territories are listed separately below the aggregate row,resolved_for_dataset_ine_preferred_complete_aggregate,"INE provides the complete overseas aggregate and is the preferred source for complete colonial shares. The Comtrade colonial partner subset remains an observed lower-bound diagnostic: it covers only the returned partners, while the contemporaneous INE overseas category includes additional source-specific territories.","INE Volume I PDF page 46 (Quadro III - Comercio especial, por territorios estatisticos); data/interim/live/comtrade_coverage_matrix.csv 1963 colonial partner rows; config/historical_groups.yml colonies group.",-40106.60869565606,source_b_value_converted_to_USD,93923476.0,USD,2701453000.0,PTE,source_b_original_value / 28.75; registered 1963 PTE/USD rate,8,4,0.5,0.9995731685874231,cabo_verde;macao;portuguese_india;sao_tome_principe
1964,X,World exports,UN Comtrade,INE,515699840.0,515852800.0,152960.0,-0.00029651869680653083,USD,special trade; export values follow INE explanatory note conventions,requires_historical_metadata_review,"INE statistical territories as printed in the 1964 volume; partner rows are listed under Europa without bloc subtotals, and Finland and Ireland are not printed separately",unresolved,"World totals differ by -0.0297% after converting at the registered 1964 rate of 28.75 PTE/USD, which exceeds the reconciliation tolerance. Annual period-average conversion is a weaker approximation in years when the rate moved within the year.","INE Volume I PDF page 48 (Quadro III - Comercio especial, por territorios estatisticos); results/diagnostics/comtrade_coverage/comtrade_coverage_audit.csv 1964 X World row; data/interim/live/portugal_exchange_rate_evidence.csv.",-152960.0,source_b_value_converted_to_USD,515699840.0,USD,14830768000.0,PTE,source_b_original_value / 28.75; registered 1964 PTE/USD rate,,,,,
1964,M,World imports,UN Comtrade,INE,776289984.0,776345460.8695652,55476.86956524849,-7.145899906867521e-05,USD,special trade; import values declared by importers and accepted by customs per explanatory note,requires_historical_metadata_review,"INE statistical territories as printed in the 1964 volume; partner rows are listed under Europa without bloc subtotals, and Finland and Ireland are not printed separately",reconciled_with_conversion,"World totals reconcile within tolerance after converting at the registered 1964 rate of 28.75 PTE/USD. Reporter-territory evidence remains a caveat, so Comtrade is retained as a benchmark rather than merged into the INE source universe.","INE Volume I PDF page 46 (Quadro III - Comercio especial, por territorios estatisticos); results/diagnostics/comtrade_coverage/comtrade_coverage_audit.csv 1964 M World row; data/interim/live/portugal_exchange_rate_evidence.csv.",-55476.86956524849,source_b_value_converted_to_USD,776289984.0,USD,22319932000.0,PTE,source_b_original_value / 28.75; registered 1964 PTE/USD rate,,,,,
1964,X,Overseas exports,UN Comtrade,INE,128641990.0,128919547.82608695,277557.8260869533,-0.002152953766649725,USD,special trade; export values follow INE explanatory note conventions,Observed Comtrade configured colonial partner subset; INE overseas territories not returned or not registered as Comtrade areas remain unresolved.,Ultramar row in the INE statistical-territory table; individual territories are listed separately below the aggregate row,resolved_for_dataset_ine_preferred_complete_aggregate,"INE provides the complete overseas aggregate and is the preferred source for complete colonial shares. The Comtrade colonial partner subset remains an observed lower-bound diagnostic: it covers only the returned partners, while the contemporaneous INE overseas category includes additional source-specific territories.","INE Volume I PDF page 48 (Quadro III - Comercio especial, por territorios estatisticos); data/interim/live/comtrade_coverage_matrix.csv 1964 colonial partner rows; config/historical_groups.yml colonies group.",-277557.8260869533,source_b_value_converted_to_USD,128641990.0,USD,3706437000.0,PTE,source_b_original_value / 28.75; registered 1964 PTE/USD rate,8,4,0.5,0.9978470462333503,cabo_verde;macao;portuguese_india;sao_tome_principe
1964,M,Overseas imports,UN Comtrade,INE,115615718.0,115651095.6521739,35377.652173906565,-0.00030589984447969705,USD,special trade; import values declared by importers and accepted by customs per explanatory note,Observed Comtrade configured colonial partner subset; INE overseas territories not returned or not registered as Comtrade areas remain unresolved.,Ultramar row in the INE statistical-territory table; individual territories are listed separately below the aggregate row,resolved_for_dataset_ine_preferred_complete_aggregate,"INE provides the complete overseas aggregate and is the preferred source for complete colonial shares. The Comtrade colonial partner subset remains an observed lower-bound diagnostic: it covers only the returned partners, while the contemporaneous INE overseas category includes additional source-specific territories.","INE Volume I PDF page 46 (Quadro III - Comercio especial, por territorios estatisticos); data/interim/live/comtrade_coverage_matrix.csv 1964 colonial partner rows; config/historical_groups.yml colonies group.",-35377.652173906565,source_b_value_converted_to_USD,115615718.0,USD,3324969000.0,PTE,source_b_original_value / 28.75; registered 1964 PTE/USD rate,8,4,0.5,0.9996941001555203,cabo_verde;macao;portuguese_india;sao_tome_principe
1965,X,World exports,UN Comtrade,INE,576399168.0,576439547.826087,40379.826086997986,-7.005040899654001e-05,USD,special trade; export values to be confirmed from source notes,requires_historical_metadata_review,INE statistical territories as printed in the 1965 volume; verify against page 23,reconciled_with_conversion,"World totals reconcile within tolerance after converting at the registered 1965 rate of 28.75 PTE/USD. Reporter-territory evidence remains a caveat, so Comtrade is retained as a benchmark rather than merged into the INE source universe.",INE Volume I PDF page 38 (Quadro II - Comercio especial. Exportacao); results/diagnostics/comtrade_coverage/comtrade_coverage_audit.csv 1965 X World row; data/interim/live/portugal_exchange_rate_evidence.csv.,-40379.826086997986,source_b_value_converted_to_USD,576399168.0,USD,16572637000.0,PTE,source_b_original_value / 28.75; registered 1965 PTE/USD rate,,,,,
1965,M,World imports,UN Comtrade,INE,923515840.0,923573669.5652174,57829.565217375755,-6.261499988907184e-05,USD,special trade; import values to be confirmed from source notes,requires_historical_metadata_review,INE statistical territories as printed in the 1965 volume; verify against page 23,reconciled_with_conversion,"World totals reconcile within tolerance after converting at the registered 1965 rate of 28.75 PTE/USD. Reporter-territory evidence remains a caveat, so Comtrade is retained as a benchmark rather than merged into the INE source universe.",INE Volume I PDF page 30 (Quadro I - Comercio especial. Importacao); results/diagnostics/comtrade_coverage/comtrade_coverage_audit.csv 1965 M World row; data/interim/live/portugal_exchange_rate_evidence.csv.,-57829.565217375755,source_b_value_converted_to_USD,923515840.0,USD,26552743000.0,PTE,source_b_original_value / 28.75; registered 1965 PTE/USD rate,,,,,
1965,X,Overseas exports,UN Comtrade,INE,143866044.0,144001008.6956522,134964.69565218687,-0.0009372482656523353,USD,special trade; export values to be confirmed from source notes,Observed Comtrade configured colonial partner subset; INE overseas territories not returned or not registered as Comtrade areas remain unresolved.,INE statistical territories as printed in the 1965 volume; verify against page 23,resolved_for_dataset_ine_preferred_complete_aggregate,"INE provides the complete overseas aggregate and is the preferred source for complete colonial shares. The Comtrade colonial partner subset remains an observed lower-bound diagnostic: it covers only the returned partners, while the contemporaneous INE overseas category includes additional source-specific territories.",INE Volume I PDF page 50 (Quadro III - Comercio especial por territorios estatisticos - Exportacao); data/interim/live/comtrade_coverage_matrix.csv 1965 colonial partner rows; config/historical_groups.yml colonies group.,-134964.69565218687,source_b_value_converted_to_USD,143866044.0,USD,4140029000.0,PTE,source_b_original_value / 28.75; registered 1965 PTE/USD rate,8,4,0.5,0.9990627517343477,cabo_verde;macao;portuguese_india;sao_tome_principe
1965,M,Overseas imports,UN Comtrade,INE,126958500.0,127000800.0,42300.0,-0.0003330687680707523,USD,special trade; import values to be confirmed from source notes,Observed Comtrade configured colonial partner subset; INE overseas territories not returned or not registered as Comtrade areas remain unresolved.,INE statistical territories as printed in the 1965 volume; verify against page 23,resolved_for_dataset_ine_preferred_complete_aggregate,"INE provides the complete overseas aggregate and is the preferred source for complete colonial shares. The Comtrade colonial partner subset remains an observed lower-bound diagnostic: it covers only the returned partners, while the contemporaneous INE overseas category includes additional source-specific territories.",INE Volume I PDF page 48 (Quadro III - Comercio especial por territorios estatisticos - Importacao); data/interim/live/comtrade_coverage_matrix.csv 1965 colonial partner rows; config/historical_groups.yml colonies group.,-42300.0,source_b_value_converted_to_USD,126958500.0,USD,3651273000.0,PTE,source_b_original_value / 28.75; registered 1965 PTE/USD rate,8,4,0.5,0.9996669312319293,cabo_verde;macao;portuguese_india;sao_tome_principe
1966,X,World exports,UN Comtrade,INE,619503488.0,619537391.3043479,33903.304347872734,-5.47235805679043e-05,USD,special trade; export values follow INE explanatory note conventions,requires_historical_metadata_review,"INE statistical territories as printed in the 1966 volume; partner rows are listed under Europa without bloc subtotals, and Finland and Ireland are not printed separately",reconciled_with_conversion,"World totals reconcile within tolerance after converting at the registered 1966 rate of 28.75 PTE/USD. Reporter-territory evidence remains a caveat, so Comtrade is retained as a benchmark rather than merged into the INE source universe.","INE Volume I PDF page 48 (Quadro III - Comercio especial, por paises e territorios estatisticos); results/diagnostics/comtrade_coverage/comtrade_coverage_audit.csv 1966 X World row; data/interim/live/portugal_exchange_rate_evidence.csv.",-33903.304347872734,source_b_value_converted_to_USD,619503488.0,USD,17811700000.0,PTE,source_b_original_value / 28.75; registered 1966 PTE/USD rate,,,,,
1966,M,World imports,UN Comtrade,INE,1022796800.0,1022832869.5652174,36069.565217375755,-3.526437826808215e-05,USD,special trade; import values declared by importers and accepted by customs per explanatory note,requires_historical_metadata_review,"INE statistical territories as printed in the 1966 volume; partner rows are listed under Europa without bloc subtotals, and Finland and Ireland are not printed separately",reconciled_with_conversion,"World totals reconcile within tolerance after converting at the registered 1966 rate of 28.75 PTE/USD. Reporter-territory evidence remains a caveat, so Comtrade is retained as a benchmark rather than merged into the INE source universe.","INE Volume I PDF page 46 (Quadro III - Comercio especial, por paises e territorios estatisticos); results/diagnostics/comtrade_coverage/comtrade_coverage_audit.csv 1966 M World row; data/interim/live/portugal_exchange_rate_evidence.csv.",-36069.565217375755,source_b_value_converted_to_USD,1022796800.0,USD,29406445000.0,PTE,source_b_original_value / 28.75; registered 1966 PTE/USD rate,,,,,
1966,X,Overseas exports,UN Comtrade,INE,145838524.0,145985843.47826087,147319.47826087475,-0.0010091353706005916,USD,special trade; export values follow INE explanatory note conventions,Observed Comtrade configured colonial partner subset; INE overseas territories not returned or not registered as Comtrade areas remain unresolved.,Ultramar row in the INE statistical-territory table; individual territories are listed separately below the aggregate row,resolved_for_dataset_ine_preferred_complete_aggregate,"INE provides the complete overseas aggregate and is the preferred source for complete colonial shares. The Comtrade colonial partner subset remains an observed lower-bound diagnostic: it covers only the returned partners, while the contemporaneous INE overseas category includes additional source-specific territories.","INE Volume I PDF page 48 (Quadro III - Comercio especial, por paises e territorios estatisticos); data/interim/live/comtrade_coverage_matrix.csv 1966 colonial partner rows; config/historical_groups.yml colonies group.",-147319.47826087475,source_b_value_converted_to_USD,145838524.0,USD,4197093000.0,PTE,source_b_original_value / 28.75; registered 1966 PTE/USD rate,8,4,0.5,0.9989908646293995,cabo_verde;macao;portuguese_india;sao_tome_principe
1966,M,Overseas imports,UN Comtrade,INE,137102531.0,137135756.52173913,33225.52173912525,-0.00024228197358475397,USD,special trade; import values declared by importers and accepted by customs per explanatory note,Observed Comtrade configured colonial partner subset; INE overseas territories not returned or not registered as Comtrade areas remain unresolved.,Ultramar row in the INE statistical-territory table; individual territories are listed separately below the aggregate row,resolved_for_dataset_ine_preferred_complete_aggregate,"INE provides the complete overseas aggregate and is the preferred source for complete colonial shares. The Comtrade colonial partner subset remains an observed lower-bound diagnostic: it covers only the returned partners, while the contemporaneous INE overseas category includes additional source-specific territories.","INE Volume I PDF page 46 (Quadro III - Comercio especial, por paises e territorios estatisticos); data/interim/live/comtrade_coverage_matrix.csv 1966 colonial partner rows; config/historical_groups.yml colonies group.",-33225.52173912525,source_b_value_converted_to_USD,137102531.0,USD,3942653000.0,PTE,source_b_original_value / 28.75; registered 1966 PTE/USD rate,8,4,0.5,0.9997577180264152,cabo_verde;macao;portuguese_india;sao_tome_principe
1967,X,World exports,UN Comtrade,INE,701361664.0,701432486.9565217,70822.9565217495,-0.00010096902815130011,USD,special trade; export values follow INE explanatory note conventions,requires_historical_metadata_review,"INE statistical territories as printed in the 1967 volume; partner rows are listed under Europa without bloc subtotals, and Finland and Ireland are not printed separately",unresolved,"World totals differ by -0.0101% after converting at the registered 1967 rate of 28.75 PTE/USD, which exceeds the reconciliation tolerance. Annual period-average conversion is a weaker approximation in years when the rate moved within the year.","INE Volume I PDF page 48 (Quadro III - Comercio especial, por paises e territorios estatisticos); results/diagnostics/comtrade_coverage/comtrade_coverage_audit.csv 1967 X World row; data/interim/live/portugal_exchange_rate_evidence.csv.",-70822.9565217495,source_b_value_converted_to_USD,701361664.0,USD,20166184000.0,PTE,source_b_original_value / 28.75; registered 1967 PTE/USD rate,,,,,
1967,M,World imports,UN Comtrade,INE,1059153920.0,1059221321.7391304,67401.73913037777,-6.363329150107286e-05,USD,special trade; import values declared by importers and accepted by customs per explanatory note,requires_historical_metadata_review,"INE statistical territories as printed in the 1967 volume; partner rows are listed under Europa without bloc subtotals, and Finland and Ireland are not printed separately",reconciled_with_conversion,"World totals reconcile within tolerance after converting at the registered 1967 rate of 28.75 PTE/USD. Reporter-territory evidence remains a caveat, so Comtrade is retained as a benchmark rather than merged into the INE source universe.","INE Volume I PDF page 46 (Quadro III - Comercio especial, por paises e territorios estatisticos); results/diagnostics/comtrade_coverage/comtrade_coverage_audit.csv 1967 M World row; data/interim/live/portugal_exchange_rate_evidence.csv.",-67401.73913037777,source_b_value_converted_to_USD,1059153920.0,USD,30452613000.0,PTE,source_b_original_value / 28.75; registered 1967 PTE/USD rate,,,,,
1967,X,Overseas exports,UN Comtrade,INE,170851590.0,171041182.60869566,189592.60869565606,-0.001108461750579695,USD,special trade; export values follow INE explanatory note conventions,Observed Comtrade configured colonial partner subset; INE overseas territories not returned or not registered as Comtrade areas remain unresolved.,Provincias Ultramarinas row in the INE statistical-territory table; individual territories are listed separately below the aggregate row,resolved_for_dataset_ine_preferred_complete_aggregate,"INE provides the complete overseas aggregate and is the preferred source for complete colonial shares. The Comtrade colonial partner subset remains an observed lower-bound diagnostic: it covers only the returned partners, while the contemporaneous INE overseas category includes additional source-specific territories.","INE Volume I PDF page 48 (Quadro III - Comercio especial, por paises e territorios estatisticos); data/interim/live/comtrade_coverage_matrix.csv 1967 colonial partner rows; config/historical_groups.yml colonies group.",-189592.60869565606,source_b_value_converted_to_USD,170851590.0,USD,4917434000.0,PTE,source_b_original_value / 28.75; registered 1967 PTE/USD rate,8,4,0.5,0.9988915382494203,cabo_verde;macao;portuguese_india;sao_tome_principe
1967,M,Overseas imports,UN Comtrade,INE,151344788.0,151384382.60869566,39594.60869565606,-0.00026155015473426857,USD,special trade; import values declared by importers and accepted by customs per explanatory note,Observed Comtrade configured colonial partner subset; INE overseas territories not returned or not registered as Comtrade areas remain unresolved.,Provincias Ultramarinas row in the INE statistical-territory table; individual territories are listed separately below the aggregate row,resolved_for_dataset_ine_preferred_complete_aggregate,"INE provides the complete overseas aggregate and is the preferred source for complete colonial shares. The Comtrade colonial partner subset remains an observed lower-bound diagnostic: it covers only the returned partners, while the contemporaneous INE overseas category includes additional source-specific territories.","INE Volume I PDF page 46 (Quadro III - Comercio especial, por paises e territorios estatisticos); data/interim/live/comtrade_coverage_matrix.csv 1967 colonial partner rows; config/historical_groups.yml colonies group.",-39594.60869565606,source_b_value_converted_to_USD,151344788.0,USD,4352301000.0,PTE,source_b_original_value / 28.75; registered 1967 PTE/USD rate,8,4,0.5,0.9997384498452657,cabo_verde;macao;portuguese_india;sao_tome_principe
1968,X,World exports,UN Comtrade,INE,761222784.0,762315026.0869565,1092242.086956501,-0.0014327962188586192,USD,special trade; export values follow INE explanatory note conventions,requires_historical_metadata_review,"INE statistical territories as printed in the 1968 volume; partner rows are listed under Europa without bloc subtotals, and Finland and Ireland are not printed separately",unresolved,"World totals differ by -0.1433% after converting at the registered 1968 rate of 28.75 PTE/USD, which exceeds the reconciliation tolerance. Annual period-average conversion is a weaker approximation in years when the rate moved within the year.","INE Volume I PDF page 43 (Quadro X - Comercio especial, por paises e territorios estatisticos); results/diagnostics/comtrade_coverage/comtrade_coverage_audit.csv 1968 X World row; data/interim/live/portugal_exchange_rate_evidence.csv.",-1092242.086956501,source_b_value_converted_to_USD,761222784.0,USD,21916557000.0,PTE,source_b_original_value / 28.75; registered 1968 PTE/USD rate,,,,,
1968,M,World imports,UN Comtrade,INE,1178384896.0,1177663617.3913043,721278.6086957455,0.0006124657313380218,USD,special trade; import values declared by importers and accepted by customs per explanatory note,requires_historical_metadata_review,"INE statistical territories as printed in the 1968 volume; partner rows are listed under Europa without bloc subtotals, and Finland and Ireland are not printed separately",unresolved,"World totals differ by 0.0612% after converting at the registered 1968 rate of 28.75 PTE/USD, which exceeds the reconciliation tolerance. Annual period-average conversion is a weaker approximation in years when the rate moved within the year.","INE Volume I PDF page 42 (Quadro X - Comercio especial, por paises e territorios estatisticos); results/diagnostics/comtrade_coverage/comtrade_coverage_audit.csv 1968 M World row; data/interim/live/portugal_exchange_rate_evidence.csv.",721278.6086957455,source_b_value_converted_to_USD,1178384896.0,USD,33857829000.0,PTE,source_b_original_value / 28.75; registered 1968 PTE/USD rate,,,,,
1968,X,Overseas exports,UN Comtrade,INE,189667610.0,190453947.82608697,786337.8260869682,-0.004128755717917765,USD,special trade; export values follow INE explanatory note conventions,Observed Comtrade configured colonial partner subset; INE overseas territories not returned or not registered as Comtrade areas remain unresolved.,Provincias Ultramarinas row in the INE statistical-territory table; individual territories are listed separately below the aggregate row,resolved_for_dataset_ine_preferred_complete_aggregate,"INE provides the complete overseas aggregate and is the preferred source for complete colonial shares. The Comtrade colonial partner subset remains an observed lower-bound diagnostic: it covers only the returned partners, while the contemporaneous INE overseas category includes additional source-specific territories.","INE Volume I PDF page 43 (Quadro X - Comercio especial, por paises e territorios estatisticos); data/interim/live/comtrade_coverage_matrix.csv 1968 colonial partner rows; config/historical_groups.yml colonies group.",-786337.8260869682,source_b_value_converted_to_USD,189667610.0,USD,5475551000.0,PTE,source_b_original_value / 28.75; registered 1968 PTE/USD rate,8,4,0.5,0.9958712442820823,cabo_verde;macao;portuguese_india;sao_tome_principe
1968,M,Overseas imports,UN Comtrade,INE,185909288.0,185835652.17391303,73635.82608696818,0.0003962416534479433,USD,special trade; import values declared by importers and accepted by customs per explanatory note,Observed Comtrade configured colonial partner subset; INE overseas territories not returned or not registered as Comtrade areas remain unresolved.,Provincias Ultramarinas row in the INE statistical-territory table; individual territories are listed separately below the aggregate row,resolved_for_dataset_ine_preferred_complete_aggregate,"INE provides the complete overseas aggregate and is the preferred source for complete colonial shares. The Comtrade colonial partner subset remains an observed lower-bound diagnostic: it covers only the returned partners, while the contemporaneous INE overseas category includes additional source-specific territories.","INE Volume I PDF page 42 (Quadro X - Comercio especial, por paises e territorios estatisticos); data/interim/live/comtrade_coverage_matrix.csv 1968 colonial partner rows; config/historical_groups.yml colonies group.",73635.82608696818,source_b_value_converted_to_USD,185909288.0,USD,5342775000.0,PTE,source_b_original_value / 28.75; registered 1968 PTE/USD rate,8,4,0.5,1.000396241653448,cabo_verde;macao;portuguese_india;sao_tome_principe
1969,X,World exports,UN Comtrade,INE,852978752.0,853078156.5217391,99404.52173912525,-0.00011652451886053198,USD,special trade; export values follow INE explanatory note conventions,requires_historical_metadata_review,INE statistical territories as printed in the 1969 volume; Continente e Ilhas Adjacentes reporting scope,unresolved,"World totals differ by -0.0117% after converting at the registered 1969 rate of 28.75 PTE/USD, which exceeds the reconciliation tolerance. Annual period-average conversion is a weaker approximation in years when the rate moved within the year.",INE Volume I PDF page 28 (Quadro n.o 2 - Comercio especial por paises e territorios estatisticos); results/diagnostics/comtrade_coverage/comtrade_coverage_audit.csv 1969 X World row; data/interim/live/portugal_exchange_rate_evidence.csv.,-99404.52173912525,source_b_value_converted_to_USD,852978752.0,USD,24525997000.0,PTE,source_b_original_value / 28.75; registered 1969 PTE/USD rate,,,,,
1969,M,World imports,UN Comtrade,INE,1297515392.0,1296059860.8695652,1455531.1304347515,0.0011230431358766038,USD,special trade; import values declared by importers and accepted by customs per explanatory note,requires_historical_metadata_review,INE statistical territories as printed in the 1969 volume; Continente e Ilhas Adjacentes reporting scope,unresolved,"World totals differ by 0.1123% after converting at the registered 1969 rate of 28.75 PTE/USD, which exceeds the reconciliation tolerance. Annual period-average conversion is a weaker approximation in years when the rate moved within the year.",INE Volume I PDF page 28 (Quadro n.o 2 - Comercio especial por paises e territorios estatisticos); results/diagnostics/comtrade_coverage/comtrade_coverage_audit.csv 1969 M World row; data/interim/live/portugal_exchange_rate_evidence.csv.,1455531.1304347515,source_b_value_converted_to_USD,1297515392.0,USD,37261721000.0,PTE,source_b_original_value / 28.75; registered 1969 PTE/USD rate,,,,,
1969,X,Overseas exports,UN Comtrade,INE,211356325.0,211499443.47826087,143118.47826087475,-0.0006766848929112444,USD,special trade; export values follow INE explanatory note conventions,Observed Comtrade configured colonial partner subset; INE overseas territories not returned or not registered as Comtrade areas remain unresolved.,Provincias Ultramarinas row in the INE statistical-territory table; individual territories are listed separately below the aggregate row,resolved_for_dataset_ine_preferred_complete_aggregate,"INE provides the complete overseas aggregate and is the preferred source for complete colonial shares. The Comtrade colonial partner subset remains an observed lower-bound diagnostic: it covers only the returned partners, while the contemporaneous INE overseas category includes additional source-specific territories.",INE Volume I PDF page 28 (Quadro n.o 2 - Comercio especial por paises e territorios estatisticos); data/interim/live/comtrade_coverage_matrix.csv 1969 colonial partner rows; config/historical_groups.yml colonies group.,-143118.47826087475,source_b_value_converted_to_USD,211356325.0,USD,6080609000.0,PTE,source_b_original_value / 28.75; registered 1969 PTE/USD rate,8,4,0.5,0.9993233151070887,cabo_verde;macao;portuguese_india;sao_tome_principe
1969,M,Overseas imports,UN Comtrade,INE,194974368.0,194763965.2173913,210402.78260868788,0.0010802962569274087,USD,special trade; import values declared by importers and accepted by customs per explanatory note,Observed Comtrade configured colonial partner subset; INE overseas territories not returned or not registered as Comtrade areas remain unresolved.,Provincias Ultramarinas row in the INE statistical-territory table; individual territories are listed separately below the aggregate row,resolved_for_dataset_ine_preferred_complete_aggregate,"INE provides the complete overseas aggregate and is the preferred source for complete colonial shares. The Comtrade colonial partner subset remains an observed lower-bound diagnostic: it covers only the returned partners, while the contemporaneous INE overseas category includes additional source-specific territories.",INE Volume I PDF page 28 (Quadro n.o 2 - Comercio especial por paises e territorios estatisticos); data/interim/live/comtrade_coverage_matrix.csv 1969 colonial partner rows; config/historical_groups.yml colonies group.,210402.78260868788,source_b_value_converted_to_USD,194974368.0,USD,5599464000.0,PTE,source_b_original_value / 28.75; registered 1969 PTE/USD rate,8,4,0.5,1.0010802962569274,cabo_verde;macao;portuguese_india;sao_tome_principe
1970,X,World exports,UN Comtrade,INE,949225152.0,949518643.4782609,293491.47826087475,-0.00030909501385434796,USD,special trade; export values to be confirmed from source notes,requires_historical_metadata_review,INE statistical territories as printed in the 1970 volume; verify against page 18,unresolved,"World totals differ by -0.0309% after converting at the registered 1970 rate of 28.75 PTE/USD, which exceeds the reconciliation tolerance. Annual period-average conversion is a weaker approximation in years when the rate moved within the year.",INE Volume I PDF page 24 (Quadro n.o 1 - Movimento comercial por seccoes da CMCE); results/diagnostics/comtrade_coverage/comtrade_coverage_audit.csv 1970 X World row; data/interim/live/portugal_exchange_rate_evidence.csv.,-293491.47826087475,source_b_value_converted_to_USD,949225152.0,USD,27298661000.0,PTE,source_b_original_value / 28.75; registered 1970 PTE/USD rate,,,,,
1970,M,World imports,UN Comtrade,INE,1589826688.0,1582435860.8695652,7390827.1304347515,0.0046705381956987585,USD,special trade; import values to be confirmed from source notes,requires_historical_metadata_review,INE statistical territories as printed in the 1970 volume; verify against page 18,unresolved,"World totals differ by 0.4671% after converting at the registered 1970 rate of 28.75 PTE/USD, which exceeds the reconciliation tolerance. Annual period-average conversion is a weaker approximation in years when the rate moved within the year.",INE Volume I PDF page 24 (Quadro n.o 1 - Movimento comercial por seccoes da CMCE); results/diagnostics/comtrade_coverage/comtrade_coverage_audit.csv 1970 M World row; data/interim/live/portugal_exchange_rate_evidence.csv.,7390827.1304347515,source_b_value_converted_to_USD,1589826688.0,USD,45495031000.0,PTE,source_b_original_value / 28.75; registered 1970 PTE/USD rate,,,,,
1970,X,Overseas exports,UN Comtrade,INE,232458821.0,232619617.39130434,160796.39130434394,-0.0006912417495462475,USD,special trade; export values to be confirmed from source notes,Observed Comtrade configured colonial partner subset; INE overseas territories not returned or not registered as Comtrade areas remain unresolved.,INE statistical territories as printed in the 1970 volume; verify against page 18,resolved_for_dataset_ine_preferred_complete_aggregate,"INE provides the complete overseas aggregate and is the preferred source for complete colonial shares. The Comtrade colonial partner subset remains an observed lower-bound diagnostic: it covers only the returned partners, while the contemporaneous INE overseas category includes additional source-specific territories.",INE Volume I PDF page 25 (Quadro n.o 2 - Comercio especial por paises e territorios estatisticos); data/interim/live/comtrade_coverage_matrix.csv 1970 colonial partner rows; config/historical_groups.yml colonies group.,-160796.39130434394,source_b_value_converted_to_USD,232458821.0,USD,6687814000.0,PTE,source_b_original_value / 28.75; registered 1970 PTE/USD rate,8,7,0.875,0.9993087582504537,portuguese_india
1970,M,Overseas imports,UN Comtrade,INE,233667075.0,233634434.7826087,32640.217391312122,0.00013970636401129427,USD,special trade; import values to be confirmed from source notes,Observed Comtrade configured colonial partner subset; INE overseas territories not returned or not registered as Comtrade areas remain unresolved.,INE statistical territories as printed in the 1970 volume; verify against page 18,resolved_for_dataset_ine_preferred_complete_aggregate,"INE provides the complete overseas aggregate and is the preferred source for complete colonial shares. The Comtrade colonial partner subset remains an observed lower-bound diagnostic: it covers only the returned partners, while the contemporaneous INE overseas category includes additional source-specific territories.",INE Volume I PDF page 25 (Quadro n.o 2 - Comercio especial por paises e territorios estatisticos); data/interim/live/comtrade_coverage_matrix.csv 1970 colonial partner rows; config/historical_groups.yml colonies group.,32640.217391312122,source_b_value_converted_to_USD,233667075.0,USD,6716990000.0,PTE,source_b_original_value / 28.75; registered 1970 PTE/USD rate,8,7,0.875,1.0001397063640114,portuguese_india
1971,X,World exports,UN Comtrade,INE,1052598592.0,1066577351.2641144,13978759.26411438,-0.013106184232720358,USD,special trade; export values follow INE explanatory note conventions,requires_historical_metadata_review,INE statistical territories as printed in the 1971 volume; Continente e Ilhas Adjacentes reporting scope,unresolved,"World totals differ by -1.3106% after converting at the registered 1971 rate of 28.3602 PTE/USD, which exceeds the reconciliation tolerance. Annual period-average conversion is a weaker approximation in years when the rate moved within the year.",INE Volume I PDF page 25 (Quadro n.o 2 - Comercio especial por paises e territorios estatisticos); results/diagnostics/comtrade_coverage/comtrade_coverage_audit.csv 1971 X World row; data/interim/live/portugal_exchange_rate_evidence.csv.,-13978759.26411438,source_b_value_converted_to_USD,1052598592.0,USD,30248315000.0,PTE,source_b_original_value / 28.3602; registered 1971 PTE/USD rate,,,,,
1971,M,World imports,UN Comtrade,INE,1823831680.0,1848233631.8858454,24401951.885845423,-0.013202850259221226,USD,special trade; import values declared by importers and accepted by customs per explanatory note,requires_historical_metadata_review,INE statistical territories as printed in the 1971 volume; Continente e Ilhas Adjacentes reporting scope,unresolved,"World totals differ by -1.3203% after converting at the registered 1971 rate of 28.3602 PTE/USD, which exceeds the reconciliation tolerance. Annual period-average conversion is a weaker approximation in years when the rate moved within the year.",INE Volume I PDF page 25 (Quadro n.o 2 - Comercio especial por paises e territorios estatisticos); results/diagnostics/comtrade_coverage/comtrade_coverage_audit.csv 1971 M World row; data/interim/live/portugal_exchange_rate_evidence.csv.,-24401951.885845423,source_b_value_converted_to_USD,1823831680.0,USD,52416220000.0,PTE,source_b_original_value / 28.3602; registered 1971 PTE/USD rate,,,,,
1971,X,Overseas exports,UN Comtrade,INE,225446933.0,228828670.63208717,3381737.632087171,-0.014778469947607046,USD,special trade; export values follow INE explanatory note conventions,Observed Comtrade configured colonial partner subset; INE overseas territories not returned or not registered as Comtrade areas remain unresolved.,Provincias Ultramarinas row in the INE statistical-territory table; individual territories are listed separately below the aggregate row,resolved_for_dataset_ine_preferred_complete_aggregate,"INE provides the complete overseas aggregate and is the preferred source for complete colonial shares. The Comtrade colonial partner subset remains an observed lower-bound diagnostic: it covers only the returned partners, while the contemporaneous INE overseas category includes additional source-specific territories.",INE Volume I PDF page 25 (Quadro n.o 2 - Comercio especial por paises e territorios estatisticos); data/interim/live/comtrade_coverage_matrix.csv 1971 colonial partner rows; config/historical_groups.yml colonies group.,-3381737.632087171,source_b_value_converted_to_USD,225446933.0,USD,6489620000.0,PTE,source_b_original_value / 28.3602; registered 1971 PTE/USD rate,8,7,0.875,0.985221530052393,portuguese_india
1971,M,Overseas imports,UN Comtrade,INE,241496013.0,244860274.1097814,3364261.1097814143,-0.013739513777857943,USD,special trade; import values declared by importers and accepted by customs per explanatory note,Observed Comtrade configured colonial partner subset; INE overseas territories not returned or not registered as Comtrade areas remain unresolved.,Provincias Ultramarinas row in the INE statistical-territory table; individual territories are listed separately below the aggregate row,resolved_for_dataset_ine_preferred_complete_aggregate,"INE provides the complete overseas aggregate and is the preferred source for complete colonial shares. The Comtrade colonial partner subset remains an observed lower-bound diagnostic: it covers only the returned partners, while the contemporaneous INE overseas category includes additional source-specific territories.",INE Volume I PDF page 25 (Quadro n.o 2 - Comercio especial por paises e territorios estatisticos); data/interim/live/comtrade_coverage_matrix.csv 1971 colonial partner rows; config/historical_groups.yml colonies group.,-3364261.1097814143,source_b_value_converted_to_USD,241496013.0,USD,6944279000.0,PTE,source_b_original_value / 28.3602; registered 1971 PTE/USD rate,8,7,0.875,0.986260486222142,portuguese_india
1972,X,World exports,UN Comtrade,INE,1293765376.0,1303174900.2353382,9409524.235338211,-0.007220461531018562,USD,special trade; export values follow INE explanatory note conventions,requires_historical_metadata_review,INE statistical territories as printed in the 1972 volume; Continente e Ilhas Adjacentes reporting scope,unresolved,"World totals differ by -0.7220% after converting at the registered 1972 rate of 27.0534 PTE/USD, which exceeds the reconciliation tolerance. Annual period-average conversion is a weaker approximation in years when the rate moved within the year.",INE Volume I PDF page 25 (Quadro n.o 2 - Comercio especial por paises e territorios estatisticos); results/diagnostics/comtrade_coverage/comtrade_coverage_audit.csv 1972 X World row; data/interim/live/portugal_exchange_rate_evidence.csv.,-9409524.235338211,source_b_value_converted_to_USD,1293765376.0,USD,35255334000.0,PTE,source_b_original_value / 27.0534; registered 1972 PTE/USD rate,,,,,
1972,M,World imports,UN Comtrade,INE,2227166208.0,2243102008.149285,15935800.14928484,-0.007104358201896035,USD,special trade; import values declared by importers and accepted by customs per explanatory note,requires_historical_metadata_review,INE statistical territories as printed in the 1972 volume; Continente e Ilhas Adjacentes reporting scope,unresolved,"World totals differ by -0.7104% after converting at the registered 1972 rate of 27.0534 PTE/USD, which exceeds the reconciliation tolerance. Annual period-average conversion is a weaker approximation in years when the rate moved within the year.",INE Volume I PDF page 25 (Quadro n.o 2 - Comercio especial por paises e territorios estatisticos); results/diagnostics/comtrade_coverage/comtrade_coverage_audit.csv 1972 M World row; data/interim/live/portugal_exchange_rate_evidence.csv.,-15935800.14928484,source_b_value_converted_to_USD,2227166208.0,USD,60683574000.0,PTE,source_b_original_value / 27.0534; registered 1972 PTE/USD rate,,,,,
1972,X,Overseas exports,UN Comtrade,INE,189372669.0,190919099.0550288,1546430.0550287962,-0.008099923279980843,USD,special trade; export values follow INE explanatory note conventions,Observed Comtrade configured colonial partner subset; INE overseas territories not returned or not registered as Comtrade areas remain unresolved.,Provincias Ultramarinas row in the INE statistical-territory table; individual territories are listed separately below the aggregate row,resolved_for_dataset_ine_preferred_complete_aggregate,"INE provides the complete overseas aggregate and is the preferred source for complete colonial shares. The Comtrade colonial partner subset remains an observed lower-bound diagnostic: it covers only the returned partners, while the contemporaneous INE overseas category includes additional source-specific territories.",INE Volume I PDF page 25 (Quadro n.o 2 - Comercio especial por paises e territorios estatisticos); data/interim/live/comtrade_coverage_matrix.csv 1972 colonial partner rows; config/historical_groups.yml colonies group.,-1546430.0550287962,source_b_value_converted_to_USD,189372669.0,USD,5165014000.0,PTE,source_b_original_value / 27.0534; registered 1972 PTE/USD rate,8,7,0.875,0.9919000767200191,portuguese_india
1972,M,Overseas imports,UN Comtrade,INE,258759843.0,260398122.72142923,1638279.7214292288,-0.006291442136016628,USD,special trade; import values declared by importers and accepted by customs per explanatory note,Observed Comtrade configured colonial partner subset; INE overseas territories not returned or not registered as Comtrade areas remain unresolved.,Provincias Ultramarinas row in the INE statistical-territory table; individual territories are listed separately below the aggregate row,resolved_for_dataset_ine_preferred_complete_aggregate,"INE provides the complete overseas aggregate and is the preferred source for complete colonial shares. The Comtrade colonial partner subset remains an observed lower-bound diagnostic: it covers only the returned partners, while the contemporaneous INE overseas category includes additional source-specific territories.",INE Volume I PDF page 25 (Quadro n.o 2 - Comercio especial por paises e territorios estatisticos); data/interim/live/comtrade_coverage_matrix.csv 1972 colonial partner rows; config/historical_groups.yml colonies group.,-1638279.7214292288,source_b_value_converted_to_USD,258759843.0,USD,7044659000.0,PTE,source_b_original_value / 27.0534; registered 1972 PTE/USD rate,8,7,0.875,0.9937085578639834,portuguese_india
1973,X,World exports,UN Comtrade,INE,1861681536.0,1852342796.604241,9338739.395759106,0.005041582698882251,USD,special trade; export values to be confirmed from source notes,requires_historical_metadata_review,INE statistical territories as printed in the 1973 volume; verify against page 17,unresolved,"World totals differ by 0.5042% after converting at the registered 1973 rate of 24.5152 PTE/USD, which exceeds the reconciliation tolerance. Annual period-average conversion is a weaker approximation in years when the rate moved within the year.",INE Volume I PDF page 23 (Quadro n.o 1 - Movimento comercial por seccoes da CMCE); results/diagnostics/comtrade_coverage/comtrade_coverage_audit.csv 1973 X World row; data/interim/live/portugal_exchange_rate_evidence.csv.,9338739.395759106,source_b_value_converted_to_USD,1861681536.0,USD,45410493000.0,PTE,source_b_original_value / 24.5152; registered 1973 PTE/USD rate,,,,,
1973,M,World imports,UN Comtrade,INE,3072798464.0,3050174530.7303023,22623933.269697666,0.007417258600045036,USD,special trade; import values to be confirmed from source notes,requires_historical_metadata_review,INE statistical territories as printed in the 1973 volume; verify against page 17,unresolved,"World totals differ by 0.7417% after converting at the registered 1973 rate of 24.5152 PTE/USD, which exceeds the reconciliation tolerance. Annual period-average conversion is a weaker approximation in years when the rate moved within the year.",INE Volume I PDF page 23 (Quadro n.o 1 - Movimento comercial por seccoes da CMCE); results/diagnostics/comtrade_coverage/comtrade_coverage_audit.csv 1973 M World row; data/interim/live/portugal_exchange_rate_evidence.csv.,22623933.269697666,source_b_value_converted_to_USD,3072798464.0,USD,74775538000.0,PTE,source_b_original_value / 24.5152; registered 1973 PTE/USD rate,,,,,
1973,X,Overseas exports,UN Comtrade,INE,276364569.0,274924621.15391666,1439947.846083343,0.005237609640197295,USD,special trade; export values to be confirmed from source notes,Observed Comtrade configured colonial partner subset; INE overseas territories not returned or not registered as Comtrade areas remain unresolved.,INE statistical territories as printed in the 1973 volume; verify against page 17,resolved_for_dataset_ine_preferred_complete_aggregate,"INE provides the complete overseas aggregate and is the preferred source for complete colonial shares. The Comtrade colonial partner subset remains an observed lower-bound diagnostic: it covers only the returned partners, while the contemporaneous INE overseas category includes additional source-specific territories.",INE Volume I PDF page 24 (Quadro n.o 2 - Comercio especial por paises e territorios estatisticos); data/interim/live/comtrade_coverage_matrix.csv 1973 colonial partner rows; config/historical_groups.yml colonies group.,1439947.846083343,source_b_value_converted_to_USD,276364569.0,USD,6739823000.0,PTE,source_b_original_value / 24.5152; registered 1973 PTE/USD rate,8,7,0.875,1.0052376096401974,portuguese_india
1973,M,Overseas imports,UN Comtrade,INE,309642994.0,307506532.5885807,2136461.4114192724,0.006947694390212152,USD,special trade; import values to be confirmed from source notes,Observed Comtrade configured colonial partner subset; INE overseas territories not returned or not registered as Comtrade areas remain unresolved.,INE statistical territories as printed in the 1973 volume; verify against page 17,resolved_for_dataset_ine_preferred_complete_aggregate,"INE provides the complete overseas aggregate and is the preferred source for complete colonial shares. The Comtrade colonial partner subset remains an observed lower-bound diagnostic: it covers only the returned partners, while the contemporaneous INE overseas category includes additional source-specific territories.",INE Volume I PDF page 24 (Quadro n.o 2 - Comercio especial por paises e territorios estatisticos); data/interim/live/comtrade_coverage_matrix.csv 1973 colonial partner rows; config/historical_groups.yml colonies group.,2136461.4114192724,source_b_value_converted_to_USD,309642994.0,USD,7538574000.0,PTE,source_b_original_value / 24.5152; registered 1973 PTE/USD rate,8,7,0.875,1.0069476943902123,portuguese_india
